student_id,subject,school,sex,age,studytime,failures,absences,attendance_pct,g1_grade,g2_grade,g3_grade,academic_average,pass_fail,risk_score,risk_category,schoolsup,famsup,higher,internet,famrel,goout,Dalc,Walc,health
STU_F331360EEF03,Math,GP,F,18,2,0,6,93.55,5,6,6,5.67,fail,2,Low Risk,yes,no,yes,no,4,4,1,1,3
STU_B66E5AC9F2A3,Math,GP,F,17,2,0,4,95.7,5,5,6,5.33,fail,2,Low Risk,no,yes,yes,yes,5,3,1,1,3
STU_23C9BB4F3C8C,Math,GP,F,15,2,3,10,89.25,7,8,10,8.33,fail,5,High Risk,yes,no,yes,yes,4,2,2,3,3
STU_412503E3428F,Math,GP,F,15,3,0,2,97.85,15,14,15,14.67,pass,0,Low Risk,no,yes,yes,yes,3,2,1,1,5
STU_C29930DFFF50,Math,GP,F,16,2,0,4,95.7,6,10,10,8.67,fail,2,Low Risk,no,yes,yes,no,4,2,1,2,5
STU_70B88762364B,Math,GP,M,16,2,0,10,89.25,15,15,15,15.0,pass,1,Low Risk,no,yes,yes,yes,5,2,1,2,5
STU_C90CCFCD1897,Math,GP,M,16,2,0,0,100.0,12,12,11,11.67,pass,1,Low Risk,no,no,yes,yes,4,4,1,1,3
STU_BDE34098E161,Math,GP,F,17,2,0,6,93.55,6,5,6,5.67,fail,2,Low Risk,yes,yes,yes,no,4,4,1,1,1
STU_A37F2C05DE50,Math,GP,M,15,2,0,0,100.0,16,18,19,17.67,pass,0,Low Risk,no,yes,yes,yes,4,2,1,1,1
STU_899D469F4F86,Math,GP,M,15,2,0,0,100.0,14,15,15,14.67,pass,0,Low Risk,no,yes,yes,yes,5,1,1,1,5
STU_BBF92A30CAEC,Math,GP,F,15,2,0,0,100.0,10,8,9,9.0,fail,2,Low Risk,no,yes,yes,yes,3,3,1,2,2
STU_4938883ECE87,Math,GP,F,15,3,0,4,95.7,10,12,12,11.33,pass,1,Low Risk,no,yes,yes,yes,5,2,1,1,4
STU_F229266534C7,Math,GP,M,15,1,0,2,97.85,14,14,14,14.0,pass,0,Low Risk,no,yes,yes,yes,4,3,1,3,5
STU_0E4193F87AD0,Math,GP,M,15,2,0,2,97.85,10,10,11,10.33,pass,1,Low Risk,no,yes,yes,yes,5,3,1,2,3
STU_7AC921F3B8CE,Math,GP,M,15,3,0,0,100.0,14,16,16,15.33,pass,0,Low Risk,no,yes,yes,yes,4,2,1,1,3
STU_B2535F2F335B,Math,GP,F,16,1,0,4,95.7,14,14,14,14.0,pass,0,Low Risk,no,yes,yes,yes,4,4,1,2,2
STU_A32FB6B90404,Math,GP,F,16,3,0,6,93.55,13,14,14,13.67,pass,1,Low Risk,no,yes,yes,yes,3,3,1,2,2
STU_2A20A1B29054,Math,GP,F,16,2,0,4,95.7,8,10,10,9.33,fail,2,Low Risk,yes,yes,yes,no,5,2,1,1,4
STU_B5A683DFFBE9,Math,GP,M,17,1,3,16,82.8,6,5,5,5.33,fail,5,High Risk,no,yes,yes,yes,5,5,2,4,5
STU_D33E381A8A6C,Math,GP,M,16,1,0,4,95.7,8,10,10,9.33,fail,2,Low Risk,no,no,yes,yes,3,3,1,3,5
STU_D7488E8CD929,Math,GP,M,15,2,0,0,100.0,13,14,15,14.0,pass,0,Low Risk,no,no,yes,yes,4,1,1,1,1
STU_2D23C9542679,Math,GP,M,15,1,0,0,100.0,12,15,15,14.0,pass,0,Low Risk,no,yes,yes,yes,5,2,1,1,5
STU_5CA7438EDC64,Math,GP,M,16,2,0,2,97.85,15,15,16,15.33,pass,0,Low Risk,no,no,yes,yes,4,1,1,3,5
STU_F5A030130453,Math,GP,M,16,2,0,0,100.0,13,13,12,12.67,pass,1,Low Risk,no,yes,yes,yes,5,4,2,4,5
STU_04C5E47753AB,Math,GP,F,15,3,0,2,97.85,10,9,8,9.0,fail,2,Low Risk,yes,yes,yes,yes,4,2,1,1,5
STU_75753336A14B,Math,GP,F,16,1,2,14,84.95,6,9,8,7.67,fail,5,High Risk,no,yes,yes,yes,1,2,1,3,5
STU_DE646E68E207,Math,GP,M,15,1,0,2,97.85,12,12,11,11.67,pass,1,Low Risk,no,yes,yes,yes,4,2,1,2,5
STU_E10D249E46F6,Math,GP,M,15,1,0,4,95.7,15,16,15,15.33,pass,0,Low Risk,no,no,yes,yes,2,4,2,4,1
STU_0265263CE757,Math,GP,M,16,2,0,4,95.7,11,11,11,11.0,pass,1,Low Risk,yes,yes,yes,yes,5,3,1,1,5
STU_4F4314FB0DDF,Math,GP,M,16,2,0,16,82.8,10,12,11,11.0,pass,2,Low Risk,no,yes,yes,yes,4,5,5,5,5
STU_B22FBFC7CD1F,Math,GP,M,15,2,0,0,100.0,9,11,12,10.67,pass,1,Low Risk,no,yes,yes,yes,5,2,3,4,5
STU_880937035420,Math,GP,M,15,2,0,0,100.0,17,16,17,16.67,pass,0,Low Risk,no,yes,yes,yes,4,1,1,1,5
STU_EA4B2E239F2B,Math,GP,M,15,2,0,0,100.0,17,16,16,16.33,pass,0,Low Risk,no,yes,yes,yes,4,2,1,1,5
STU_7129C765962B,Math,GP,M,15,2,0,0,100.0,8,10,12,10.0,pass,1,Low Risk,no,no,yes,yes,5,2,1,1,2
STU_6B3AE516C91B,Math,GP,M,16,1,0,0,100.0,12,14,15,13.67,pass,1,Low Risk,no,yes,yes,yes,5,3,1,1,5
STU_A5383532A18E,Math,GP,F,15,1,0,0,100.0,8,7,6,7.0,fail,2,Low Risk,no,yes,yes,no,3,1,1,1,5
STU_07F69D177CDB,Math,GP,M,15,3,0,2,97.85,15,16,18,16.33,pass,0,Low Risk,no,yes,yes,yes,5,3,1,1,4
STU_F028973E9CE0,Math,GP,M,16,3,0,7,92.47,15,16,15,15.33,pass,0,Low Risk,no,yes,yes,yes,2,3,1,1,5
STU_A23FE9AAA957,Math,GP,F,15,3,0,2,97.85,12,12,11,11.67,pass,1,Low Risk,yes,yes,yes,yes,4,2,1,1,5
STU_3DD32BE12FCF,Math,GP,F,15,1,0,8,91.4,14,13,13,13.33,pass,1,Low Risk,yes,yes,yes,no,4,1,1,1,2
STU_ADEC688AD86B,Math,GP,F,16,2,1,25,73.12,7,10,11,9.33,fail,5,High Risk,no,yes,yes,yes,3,3,1,2,3
STU_C37481FEEB9B,Math,GP,M,15,1,0,8,91.4,12,12,12,12.0,pass,1,Low Risk,no,yes,yes,yes,5,3,2,4,5
STU_2535E002245B,Math,GP,M,15,2,0,2,97.85,19,18,18,18.33,pass,0,Low Risk,no,yes,yes,yes,4,3,1,1,5
STU_30C8F740ADE5,Math,GP,M,15,1,0,0,100.0,8,8,11,9.0,fail,2,Low Risk,yes,yes,yes,yes,5,1,1,1,1
STU_5183A613636F,Math,GP,F,16,2,1,14,84.95,10,10,9,9.67,fail,4,Medium Risk,yes,no,yes,yes,4,3,2,2,5
STU_FA297F6B94AD,Math,GP,F,15,2,0,8,91.4,8,8,6,7.33,fail,2,Low Risk,yes,yes,yes,yes,5,2,1,1,5
STU_AB3EE54CC842,Math,GP,F,16,2,0,12,87.1,11,12,11,11.33,pass,2,Low Risk,no,yes,yes,yes,2,5,1,4,3
STU_3AF8F967C27B,Math,GP,M,16,4,0,4,95.7,19,19,20,19.33,pass,0,Low Risk,no,no,yes,yes,4,2,1,1,2
STU_8DF2C6DDAB6D,Math,GP,M,15,2,0,2,97.85,15,15,14,14.67,pass,0,Low Risk,no,yes,yes,no,4,3,2,2,5
STU_AB93448605BB,Math,GP,F,15,2,1,2,97.85,7,7,7,7.0,fail,3,Medium Risk,yes,yes,yes,yes,4,4,1,1,3
STU_13AC728C98ED,Math,GP,F,16,2,0,2,97.85,12,13,13,12.67,pass,1,Low Risk,no,yes,yes,yes,4,3,2,3,4
STU_D49FFD6EC6F5,Math,GP,F,15,2,0,2,97.85,11,13,13,12.33,pass,1,Low Risk,no,yes,yes,yes,4,3,1,1,5
STU_13A84F2A1999,Math,GP,M,15,1,1,6,93.55,11,11,10,10.67,pass,2,Low Risk,no,no,yes,no,5,5,3,4,5
STU_453AEC8BA3E6,Math,GP,F,15,1,0,0,100.0,8,10,11,9.67,fail,2,Low Risk,yes,yes,yes,yes,3,4,2,3,5
STU_35D9A44C3E32,Math,GP,F,15,1,0,6,93.55,10,13,13,12.0,pass,1,Low Risk,no,no,yes,yes,5,4,4,4,1
STU_F5043A9CF8CD,Math,GP,F,16,2,0,8,91.4,8,9,10,9.0,fail,2,Low Risk,no,no,yes,yes,5,4,1,1,2
STU_93BF7CC7D9BC,Math,GP,F,15,2,0,0,100.0,14,15,15,14.67,pass,0,Low Risk,no,yes,yes,yes,4,2,1,1,1
STU_D135406F4BFC,Math,GP,M,15,2,0,4,95.7,14,15,15,14.67,pass,0,Low Risk,no,yes,yes,no,3,2,1,1,5
STU_940181530455,Math,GP,M,15,2,0,2,97.85,9,10,9,9.33,fail,2,Low Risk,yes,yes,yes,yes,4,2,1,1,5
STU_E3A3BD7B23CF,Math,GP,F,16,2,0,2,97.85,15,16,16,15.67,pass,0,Low Risk,no,yes,yes,yes,4,3,1,1,5
STU_D8A65F17FCD9,Math,GP,F,16,2,0,6,93.55,10,11,11,10.67,pass,1,Low Risk,no,yes,yes,no,2,4,2,3,4
STU_EAFA5E72E88E,Math,GP,F,16,1,0,6,93.55,10,8,11,9.67,fail,2,Low Risk,yes,yes,yes,yes,5,5,5,5,5
STU_807F1FFE4475,Math,GP,F,16,2,0,4,95.7,8,10,9,9.0,fail,2,Low Risk,yes,no,yes,yes,4,3,1,1,1
STU_CD17DA76EE94,Math,GP,F,16,3,0,2,97.85,10,9,9,9.33,fail,2,Low Risk,yes,yes,yes,yes,3,4,2,4,4
STU_5722C38CCC7A,Math,GP,F,15,2,0,0,100.0,10,10,10,10.0,pass,1,Low Risk,yes,no,yes,yes,4,4,2,4,2
STU_1F6CB4C69F29,Math,GP,F,16,2,0,2,97.85,16,15,15,15.33,pass,0,Low Risk,no,yes,yes,yes,5,3,1,2,1
STU_1D3AC55BE9D3,Math,GP,M,15,4,0,4,95.7,13,13,12,12.67,pass,1,Low Risk,no,yes,yes,yes,1,3,5,5,3
STU_4761BC6AE507,Math,GP,F,16,4,0,4,95.7,7,7,6,6.67,fail,2,Low Risk,yes,yes,yes,yes,4,3,1,2,5
STU_42B5AF36C3C3,Math,GP,F,15,2,0,2,97.85,8,9,8,8.33,fail,2,Low Risk,yes,yes,yes,yes,4,3,1,3,4
STU_EBD7358FB3F1,Math,GP,F,15,4,0,12,87.1,16,16,16,16.0,pass,1,Low Risk,no,yes,yes,yes,4,2,2,3,3
STU_8C16C7FDA0F3,Math,GP,M,16,4,0,0,100.0,13,15,15,14.33,pass,0,Low Risk,no,yes,yes,yes,4,2,1,1,5
STU_FBD81CDA3626,Math,GP,M,15,4,0,0,100.0,10,10,10,10.0,pass,1,Low Risk,no,no,yes,yes,3,3,1,1,3
STU_8BDE56082461,Math,GP,F,15,2,2,2,97.85,8,6,5,6.33,fail,4,Medium Risk,yes,yes,yes,yes,3,4,2,4,5
STU_D174CD997EBF,Math,GP,M,16,1,0,2,97.85,12,12,14,12.67,pass,1,Low Risk,no,no,yes,no,5,2,2,2,5
STU_0F18CD1E66EC,Math,GP,F,16,2,0,54,41.94,11,12,11,11.33,pass,3,Medium Risk,yes,yes,yes,yes,4,3,2,4,5
STU_0F8DB7D0DAF9,Math,GP,M,15,2,0,6,93.55,9,9,10,9.33,fail,2,Low Risk,no,yes,yes,yes,4,3,2,3,5
STU_2A32457FDAD3,Math,GP,M,15,4,0,8,91.4,11,11,10,10.67,pass,1,Low Risk,no,no,yes,yes,3,3,1,1,1
STU_793942049B80,Math,GP,F,16,4,0,0,100.0,11,11,11,11.0,pass,1,Low Risk,no,no,yes,yes,5,3,1,3,3
STU_E6B886E4421A,Math,GP,M,17,1,3,2,97.85,8,8,10,8.67,fail,4,Medium Risk,yes,yes,no,yes,4,1,1,1,3
STU_0AC971948011,Math,GP,F,16,2,0,12,87.1,5,5,5,5.0,fail,3,Medium Risk,no,yes,yes,yes,2,3,1,2,3
STU_019A15575BDE,Math,GP,M,15,1,0,2,97.85,10,12,12,11.33,pass,1,Low Risk,yes,yes,yes,yes,3,2,1,3,3
STU_A35E9433F006,Math,GP,M,15,3,0,4,95.7,11,10,11,10.67,pass,1,Low Risk,yes,no,yes,yes,5,2,1,2,5
STU_C4CE778B2055,Math,GP,F,15,2,0,10,89.25,7,6,6,6.33,fail,3,Medium Risk,no,yes,yes,yes,4,4,1,1,5
STU_577287BE0E74,Math,GP,M,15,2,0,4,95.7,15,15,15,15.0,pass,0,Low Risk,no,no,yes,yes,5,3,1,3,4
STU_BB88F93F3CC9,Math,GP,F,15,2,0,2,97.85,9,10,10,9.67,fail,2,Low Risk,no,yes,yes,yes,4,2,2,3,4
STU_9200D2797B3D,Math,GP,F,15,2,2,6,93.55,7,9,8,8.0,fail,4,Medium Risk,no,no,yes,yes,4,4,2,3,5
STU_9BC1AE367BA1,Math,GP,F,16,2,0,4,95.7,8,7,6,7.0,fail,2,Low Risk,no,yes,yes,no,4,4,1,2,2
STU_913D64268994,Math,GP,F,15,3,0,4,95.7,13,14,14,13.67,pass,1,Low Risk,no,yes,yes,yes,5,3,1,3,1
STU_0F89026DCAEB,Math,GP,M,16,2,1,12,87.1,11,10,10,10.33,pass,3,Medium Risk,no,no,yes,yes,4,2,1,1,3
STU_27E40B851DE6,Math,GP,M,16,2,0,18,80.65,8,6,7,7.0,fail,3,Medium Risk,no,yes,yes,no,4,3,3,5,5
STU_F4A07C507643,Math,GP,F,16,3,0,0,100.0,7,7,8,7.33,fail,2,Low Risk,no,yes,yes,yes,4,3,1,3,4
STU_A1C6D7011947,Math,GP,F,15,1,0,4,95.7,16,17,18,17.0,pass,0,Low Risk,no,no,yes,yes,4,5,1,3,1
STU_4F72021F3BCD,Math,GP,F,16,2,0,4,95.7,7,6,6,6.33,fail,2,Low Risk,yes,yes,yes,no,3,3,2,3,2
STU_77F33AB674A6,Math,GP,F,16,2,0,0,100.0,11,10,10,10.33,pass,1,Low Risk,no,yes,yes,yes,5,3,1,1,1
STU_E88B8387D0A1,Math,GP,M,15,4,0,6,93.55,11,13,14,12.67,pass,1,Low Risk,no,yes,yes,yes,4,4,1,1,4
STU_B6E88DC210E2,Math,GP,F,15,4,1,2,97.85,7,10,10,9.0,fail,3,Medium Risk,yes,yes,yes,yes,3,2,1,1,1
STU_BB3B5C1990B5,Math,GP,M,16,1,0,2,97.85,11,15,15,13.67,pass,1,Low Risk,yes,yes,yes,yes,3,3,1,1,4
STU_4B4C9BBF2443,Math,GP,F,16,2,0,2,97.85,8,9,10,9.0,fail,2,Low Risk,no,yes,yes,no,4,5,1,1,5
STU_1F41A8B0A0AC,Math,GP,F,16,1,0,6,93.55,11,14,14,13.0,pass,1,Low Risk,no,no,yes,yes,5,4,1,2,1
STU_A5A026146915,Math,GP,F,16,3,0,0,100.0,7,9,8,8.0,fail,2,Low Risk,yes,yes,yes,yes,5,5,1,1,3
STU_0610B131FEFA,Math,GP,M,16,1,0,14,84.95,7,7,5,6.33,fail,3,Medium Risk,yes,yes,yes,yes,4,5,5,5,4
STU_036A5F50905D,Math,GP,M,16,3,0,0,100.0,16,17,17,16.67,pass,0,Low Risk,no,yes,yes,yes,4,3,1,1,4
STU_E7314FD9B29C,Math,GP,M,15,1,0,4,95.7,10,13,14,12.33,pass,1,Low Risk,no,yes,yes,yes,5,3,1,1,5
STU_591C9162E1E3,Math,GP,F,15,2,0,26,72.04,7,6,6,6.33,fail,4,Medium Risk,yes,yes,yes,yes,4,5,1,1,2
STU_433340B852FC,Math,GP,M,15,2,0,0,100.0,16,18,18,17.33,pass,0,Low Risk,no,yes,yes,yes,5,4,1,1,1
STU_70B7BD1FDDDD,Math,GP,F,15,4,0,10,89.25,10,11,11,10.67,pass,2,Low Risk,yes,no,yes,no,4,3,1,1,4
STU_16A6941D4640,Math,GP,F,15,4,0,8,91.4,7,8,8,7.67,fail,2,Low Risk,yes,yes,yes,yes,5,2,1,1,3
STU_1A4C964D7C6B,Math,GP,M,16,3,0,2,97.85,16,18,18,17.33,pass,0,Low Risk,no,yes,yes,yes,5,3,1,1,5
STU_BB4A2CE9E1BA,Math,GP,M,15,4,0,6,93.55,10,13,13,12.0,pass,1,Low Risk,no,yes,yes,yes,1,5,3,5,1
STU_13FE84279EDC,Math,GP,F,16,3,0,4,95.7,14,15,16,15.0,pass,0,Low Risk,no,yes,yes,yes,5,5,1,1,4
STU_0D46E48EC691,Math,GP,M,15,1,0,6,93.55,18,19,19,18.67,pass,0,Low Risk,no,no,yes,yes,5,3,1,1,4
STU_3462D14360DF,Math,GP,F,16,3,1,0,100.0,7,10,10,9.0,fail,3,Medium Risk,yes,yes,yes,yes,4,2,1,1,2
STU_5D4881C60967,Math,GP,F,16,2,1,6,93.55,10,13,13,12.0,pass,2,Low Risk,yes,no,yes,yes,3,2,1,1,5
STU_B4BACA31C796,Math,GP,M,15,1,0,10,89.25,18,19,19,18.67,pass,1,Low Risk,no,no,yes,yes,3,2,1,1,3
STU_5E866787FFD3,Math,GP,M,15,2,0,8,91.4,9,9,9,9.0,fail,2,Low Risk,no,no,yes,yes,5,2,1,1,5
STU_753F1EDDECCA,Math,GP,M,16,2,0,2,97.85,15,15,16,15.33,pass,0,Low Risk,no,yes,yes,yes,5,4,1,2,5
STU_9B467EF308FB,Math,GP,M,15,2,0,2,97.85,11,13,14,12.67,pass,1,Low Risk,no,yes,yes,no,4,3,1,1,2
STU_1BE78AE9AFE6,Math,GP,M,16,1,0,0,100.0,13,14,13,13.33,pass,1,Low Risk,no,no,yes,yes,5,2,1,1,5
STU_39CEAAB210E4,Math,GP,M,17,2,1,20,78.49,9,7,8,8.0,fail,4,Medium Risk,no,yes,yes,yes,5,4,1,4,5
STU_F3175E284103,Math,GP,M,15,1,0,6,93.55,14,13,13,13.33,pass,1,Low Risk,no,no,yes,yes,3,3,1,2,4
STU_48FA8E08543D,Math,GP,F,15,2,0,2,97.85,16,15,15,15.33,pass,0,Low Risk,no,no,yes,yes,3,3,1,2,1
STU_9F6D01214F8A,Math,GP,M,15,4,0,6,93.55,16,14,15,15.0,pass,0,Low Risk,no,yes,yes,yes,5,4,1,2,5
STU_AAABF28438FA,Math,GP,F,16,2,0,2,97.85,13,13,13,13.0,pass,1,Low Risk,no,yes,yes,yes,4,2,1,2,5
STU_E223B142A235,Math,GP,M,16,1,0,18,80.65,14,11,13,12.67,pass,2,Low Risk,no,yes,yes,yes,3,4,1,4,5
STU_4E3232074E8C,Math,GP,M,15,1,0,0,100.0,13,13,12,12.67,pass,1,Low Risk,yes,no,yes,yes,5,5,3,2,5
STU_634E0A694C3F,Math,GP,F,15,2,0,0,100.0,7,10,11,9.33,fail,2,Low Risk,yes,no,yes,yes,5,2,1,1,1
STU_A5A6DDC8A456,Math,GP,F,19,2,3,2,97.85,7,8,9,8.0,fail,4,Medium Risk,no,yes,no,no,3,2,1,1,5
STU_70642B4C3520,Math,GP,M,18,1,2,0,100.0,7,4,0,3.67,fail,4,Medium Risk,no,yes,yes,yes,3,3,1,2,4
STU_8C2F9412BF32,Math,GP,M,16,1,0,8,91.4,18,18,18,18.0,pass,0,Low Risk,no,no,yes,yes,3,5,2,5,4
STU_F65531FB071E,Math,GP,F,15,3,2,0,100.0,12,0,0,4.0,fail,4,Medium Risk,no,yes,yes,yes,4,2,2,2,5
STU_550EDD77CD86,Math,GP,F,15,1,0,0,100.0,8,0,0,2.67,fail,2,Low Risk,no,yes,yes,yes,4,3,1,2,4
STU_A29530DE5AD8,Math,GP,F,17,1,0,12,87.1,10,13,12,11.67,pass,2,Low Risk,no,yes,yes,yes,3,4,1,3,5
STU_87C7D098B9A6,Math,GP,F,16,1,0,16,82.8,12,11,11,11.33,pass,2,Low Risk,no,no,yes,yes,3,1,1,4,5
STU_235FAD32EA12,Math,GP,M,15,2,0,0,100.0,9,0,0,3.0,fail,2,Low Risk,no,yes,yes,no,5,3,1,1,5
STU_730DF96610EE,Math,GP,F,15,3,0,0,100.0,11,0,0,3.67,fail,2,Low Risk,no,yes,yes,yes,4,3,1,1,5
STU_58A479B27222,Math,GP,M,17,2,0,0,100.0,10,0,0,3.33,fail,2,Low Risk,no,no,yes,no,5,5,2,4,5
STU_D16C42AB8B70,Math,GP,F,16,1,2,0,100.0,4,0,0,1.33,fail,4,Medium Risk,no,yes,yes,yes,4,2,1,1,5
STU_8C1B63176EB4,Math,GP,M,16,2,1,0,100.0,14,12,12,12.67,pass,2,Low Risk,no,no,yes,no,4,4,1,3,5
STU_B80104D5BBB7,Math,GP,F,15,1,0,0,100.0,16,16,15,15.67,pass,0,Low Risk,no,no,yes,yes,4,2,1,1,5
STU_E652F028A191,Math,GP,M,15,4,0,0,100.0,7,9,0,5.33,fail,2,Low Risk,yes,yes,yes,yes,2,2,1,1,3
STU_562B3A1E8672,Math,GP,M,16,1,2,8,91.4,9,9,9,9.0,fail,4,Medium Risk,no,yes,yes,yes,2,3,2,2,2
STU_F0016E85578C,Math,GP,F,15,3,0,2,97.85,9,11,11,10.33,pass,1,Low Risk,no,yes,yes,yes,4,2,1,1,5
STU_C71570ECB508,Math,GP,F,16,1,0,2,97.85,14,14,13,13.67,pass,1,Low Risk,no,no,yes,yes,3,4,3,3,1
STU_A5A220317FAB,Math,GP,M,17,1,3,0,100.0,5,0,0,1.67,fail,4,Medium Risk,no,yes,yes,yes,5,5,1,2,5
STU_4FB1D780D2C8,Math,GP,F,15,2,0,0,100.0,8,11,11,10.0,pass,1,Low Risk,no,yes,yes,yes,4,2,1,2,5
STU_1E401EBF6126,Math,GP,F,15,2,3,0,100.0,6,7,0,4.33,fail,4,Medium Risk,no,yes,yes,yes,3,2,1,1,3
STU_38F434A97744,Math,GP,F,15,2,0,2,97.85,10,11,11,10.67,pass,1,Low Risk,no,yes,yes,yes,4,2,1,1,5
STU_8C639C8EF707,Math,GP,M,16,1,0,0,100.0,7,6,0,4.33,fail,2,Low Risk,no,yes,no,yes,3,2,2,1,5
STU_691B3428A452,Math,GP,M,15,1,3,0,100.0,8,9,10,9.0,fail,4,Medium Risk,no,no,yes,yes,4,5,2,5,5
STU_A3A03CCD4C70,Math,GP,M,18,1,3,0,100.0,6,5,0,3.67,fail,4,Medium Risk,no,no,no,yes,2,5,2,5,4
STU_CC19F83909E8,Math,GP,M,16,1,1,6,93.55,12,13,14,13.0,pass,2,Low Risk,no,no,yes,no,4,4,3,5,5
STU_82C7343E9052,Math,GP,F,15,3,2,8,91.4,10,10,10,10.0,pass,3,Medium Risk,no,yes,yes,yes,4,1,2,3,3
STU_9C554B424271,Math,GP,M,19,1,3,0,100.0,5,0,0,1.67,fail,4,Medium Risk,no,yes,no,yes,4,4,1,1,4
STU_BB3D7A31F27E,Math,GP,F,17,1,0,0,100.0,11,11,12,11.33,pass,1,Low Risk,yes,yes,yes,no,4,1,1,1,4
STU_E06428BF458D,Math,GP,M,15,2,0,2,97.85,11,8,8,9.0,fail,2,Low Risk,yes,no,yes,no,4,4,1,1,1
STU_468948A3793B,Math,GP,M,17,1,0,8,91.4,16,12,13,13.67,pass,1,Low Risk,no,no,yes,no,2,2,3,3,5
STU_5AD219BBE2F7,Math,GP,F,18,1,3,6,93.55,9,8,10,9.0,fail,4,Medium Risk,no,yes,yes,no,5,5,1,5,4
STU_7A7D0679AFF4,Math,GP,M,16,1,0,2,97.85,17,15,15,15.67,pass,0,Low Risk,no,no,yes,no,4,2,1,2,3
STU_A3B626E470A9,Math,GP,M,16,2,1,4,95.7,10,12,12,11.33,pass,2,Low Risk,no,yes,yes,yes,4,5,4,4,5
STU_00AA16F47E6F,Math,GP,M,17,1,2,0,100.0,7,6,0,4.33,fail,4,Medium Risk,no,no,no,yes,3,2,2,2,5
STU_6802D2441C03,Math,GP,M,15,2,2,6,93.55,5,9,7,7.0,fail,4,Medium Risk,yes,yes,yes,yes,4,4,1,4,3
STU_65F5B05A8C7F,Math,GP,M,16,1,1,0,100.0,7,0,0,2.33,fail,3,Medium Risk,no,no,yes,no,4,4,2,4,5
STU_7E97F534A0C7,Math,GP,M,17,1,0,2,97.85,10,10,10,10.0,pass,1,Low Risk,no,no,no,yes,5,3,1,4,2
STU_AF7307C151BA,Math,GP,M,17,2,3,0,100.0,5,8,7,6.67,fail,4,Medium Risk,no,no,no,no,5,5,1,5,5
STU_6D020AA4EEB2,Math,GP,M,16,1,1,16,82.8,12,11,12,11.67,pass,3,Medium Risk,no,yes,no,no,4,2,1,1,2
STU_1957D83BDF00,Math,GP,M,16,2,0,4,95.7,10,10,10,10.0,pass,1,Low Risk,no,no,no,yes,4,5,2,4,4
STU_04D44FD312C6,Math,GP,F,16,2,0,0,100.0,14,15,16,15.0,pass,0,Low Risk,no,no,yes,yes,4,3,1,1,3
STU_ECB38FA22962,Math,GP,F,16,2,0,0,100.0,14,14,14,14.0,pass,0,Low Risk,no,yes,yes,yes,4,2,1,1,3
STU_2D114CF9D887,Math,GP,M,16,1,2,0,100.0,6,5,0,3.67,fail,4,Medium Risk,no,yes,yes,yes,3,5,2,4,2
STU_1F8E7E9C1A3C,Math,GP,M,16,2,0,2,97.85,13,15,16,14.67,pass,0,Low Risk,no,yes,yes,yes,4,2,1,1,3
STU_CD91DAFE11CA,Math,GP,M,17,2,0,0,100.0,13,11,10,11.33,pass,1,Low Risk,no,yes,yes,yes,4,4,1,3,5
STU_AF5892BD350D,Math,GP,F,16,2,3,0,100.0,8,7,0,5.0,fail,4,Medium Risk,no,no,yes,yes,4,5,1,1,3
STU_1BE26E775108,Math,GP,F,16,2,0,4,95.7,10,11,9,10.0,pass,1,Low Risk,no,yes,yes,yes,4,5,1,1,4
STU_4A59048312DB,Math,GP,M,17,2,0,4,95.7,10,9,9,9.33,fail,2,Low Risk,no,no,yes,yes,4,4,4,4,4
STU_F47C5AE8674E,Math,GP,F,16,2,0,2,97.85,13,13,11,12.33,pass,1,Low Risk,no,no,yes,yes,3,4,1,4,5
STU_AF6C77D899B4,Math,GP,M,17,2,0,4,95.7,6,5,6,5.67,fail,2,Low Risk,no,no,yes,yes,4,4,1,4,4
STU_CD8DDC6DFA1A,Math,GP,M,16,1,0,10,89.25,10,8,9,9.0,fail,3,Medium Risk,no,yes,yes,yes,4,3,3,4,3
STU_8142DF5196A0,Math,GP,M,17,2,0,4,95.7,10,10,11,10.33,pass,1,Low Risk,no,yes,yes,yes,5,3,1,1,2
STU_5EC517E62587,Math,GP,M,16,2,0,10,89.25,9,8,8,8.33,fail,3,Medium Risk,no,yes,yes,yes,3,3,2,3,3
STU_57C15BE786D2,Math,GP,M,16,2,0,2,97.85,12,13,12,12.33,pass,1,Low Risk,no,no,yes,yes,4,3,1,2,3
STU_48A3F5E410C2,Math,GP,F,17,2,0,0,100.0,16,17,17,16.67,pass,0,Low Risk,no,yes,yes,no,5,2,2,3,5
STU_426452B091C9,Math,GP,F,17,2,0,56,39.78,9,9,8,8.67,fail,4,Medium Risk,no,yes,yes,yes,5,3,2,3,1
STU_5F483EB7D21B,Math,GP,F,16,2,0,14,84.95,12,13,12,12.33,pass,2,Low Risk,no,yes,yes,yes,1,2,1,2,1
STU_F0C0308DC5F1,Math,GP,M,17,2,0,12,87.1,12,12,11,11.67,pass,2,Low Risk,no,yes,yes,yes,4,4,2,3,4
STU_A3CE85904000,Math,GP,M,16,1,0,2,97.85,11,12,11,11.33,pass,1,Low Risk,no,yes,yes,yes,3,3,1,2,3
STU_505D28F1FF6A,Math,GP,M,16,2,0,0,100.0,15,15,15,15.0,pass,0,Low Risk,no,no,yes,yes,4,3,1,2,5
STU_B6D10F596C29,Math,GP,F,17,2,0,6,93.55,8,7,9,8.0,fail,2,Low Risk,no,yes,yes,yes,3,3,1,3,3
STU_AFD00A975B6D,Math,GP,M,17,2,0,4,95.7,8,9,10,9.0,fail,2,Low Risk,no,no,yes,no,3,3,1,5,3
STU_19CBBAAC85DB,Math,GP,F,16,2,0,10,89.25,11,12,13,12.0,pass,2,Low Risk,no,no,yes,yes,4,3,1,1,2
STU_F3B990657E90,Math,GP,F,17,2,0,0,100.0,8,8,9,8.33,fail,2,Low Risk,no,no,yes,yes,5,3,1,1,3
STU_7FDD363F06E2,Math,GP,M,17,2,0,12,87.1,7,8,8,7.67,fail,3,Medium Risk,no,no,yes,yes,4,4,4,5,5
STU_E2518AC31382,Math,GP,M,16,1,0,8,91.4,8,9,10,9.0,fail,2,Low Risk,no,yes,yes,yes,4,2,3,4,5
STU_EDDFB718E3A0,Math,GP,M,16,1,0,0,100.0,13,14,14,13.67,pass,1,Low Risk,no,no,yes,yes,5,3,1,1,3
STU_B6F46DC22734,Math,GP,F,17,2,0,0,100.0,14,15,15,14.67,pass,0,Low Risk,no,no,yes,yes,4,2,1,1,5
STU_69500DF3230B,Math,GP,M,17,1,0,4,95.7,17,15,16,16.0,pass,0,Low Risk,no,no,yes,yes,5,3,1,2,5
STU_F6CB26D14A06,Math,GP,M,16,1,0,8,91.4,9,9,10,9.33,fail,2,Low Risk,no,yes,yes,yes,3,4,3,5,3
STU_885702D6E194,Math,GP,F,17,1,1,24,74.19,18,18,18,18.0,pass,3,Medium Risk,no,yes,yes,yes,4,4,2,3,2
STU_766493B4F2D2,Math,GP,F,16,2,0,0,100.0,9,9,10,9.33,fail,2,Low Risk,no,yes,yes,yes,4,2,1,2,3
STU_C129523A34FD,Math,GP,F,16,2,0,2,97.85,16,16,16,16.0,pass,0,Low Risk,no,yes,yes,yes,4,5,1,5,2
STU_4386D5A6DBD3,Math,GP,F,16,2,0,6,93.55,8,10,10,9.33,fail,2,Low Risk,yes,yes,yes,no,4,3,1,3,4
STU_1B771F3D49D4,Math,GP,F,17,2,0,4,95.7,9,9,10,9.33,fail,2,Low Risk,no,yes,yes,no,4,4,1,3,1
STU_CFD182DE6039,Math,GP,F,17,1,0,18,80.65,7,6,6,6.33,fail,3,Medium Risk,no,yes,yes,yes,5,2,1,2,3
STU_FCEF1530B821,Math,GP,F,16,4,0,6,93.55,10,10,11,10.33,pass,1,Low Risk,no,yes,yes,yes,5,5,1,1,5
STU_82C662E00A8C,Math,GP,F,17,3,1,28,69.89,10,9,9,9.33,fail,5,High Risk,no,yes,yes,yes,4,3,3,4,5
STU_631571441AE0,Math,GP,F,16,2,3,5,94.62,7,7,7,7.0,fail,4,Medium Risk,no,yes,yes,yes,2,3,2,2,4
STU_7E14CE41F9E3,Math,GP,F,16,2,0,10,89.25,11,12,13,12.0,pass,2,Low Risk,no,no,yes,yes,1,2,1,1,1
STU_160CBF83D118,Math,GP,F,16,1,0,6,93.55,9,9,10,9.33,fail,2,Low Risk,no,yes,yes,no,4,2,1,4,5
STU_DE0D541CFC5C,Math,GP,F,17,3,0,6,93.55,7,7,7,7.0,fail,2,Low Risk,no,yes,yes,yes,4,2,1,1,4
STU_7D504EE44216,Math,GP,F,19,4,0,10,89.25,8,8,8,8.0,fail,3,Medium Risk,no,yes,yes,yes,4,3,1,2,3
STU_DA52878C12EB,Math,GP,M,17,2,0,13,86.02,12,12,13,12.33,pass,2,Low Risk,no,yes,yes,yes,5,5,4,5,3
STU_6B798DD83A3F,Math,GP,F,16,2,0,0,100.0,12,13,14,13.0,pass,1,Low Risk,yes,yes,yes,yes,3,4,1,1,4
STU_43D3727BE2EA,Math,GP,M,18,2,1,15,83.87,6,7,8,7.0,fail,4,Medium Risk,no,yes,yes,yes,4,4,2,4,5
STU_69FB13878266,Math,GP,F,17,1,0,12,87.1,8,10,10,9.33,fail,3,Medium Risk,no,yes,yes,no,5,1,1,2,3
STU_0AA09DA55FCA,Math,GP,F,17,2,0,2,97.85,14,15,15,14.67,pass,0,Low Risk,no,no,yes,yes,4,4,1,3,1
STU_490B7A37F514,Math,GP,F,17,2,2,22,76.34,6,6,4,5.33,fail,5,High Risk,no,no,yes,yes,3,5,2,4,1
STU_0CEF4FDF9158,Math,GP,M,18,2,1,13,86.02,6,6,8,6.67,fail,4,Medium Risk,no,yes,yes,yes,3,4,2,4,4
STU_626ED272500D,Math,GP,F,17,1,0,3,96.77,7,7,8,7.33,fail,2,Low Risk,no,yes,yes,no,3,3,1,4,3
STU_15C4279C964D,Math,GP,F,17,3,0,4,95.7,9,10,10,9.67,fail,2,Low Risk,no,yes,yes,yes,4,3,1,1,4
STU_A603126788D6,Math,GP,F,17,2,0,2,97.85,6,6,6,6.0,fail,2,Low Risk,no,yes,yes,yes,4,5,1,2,5
STU_C706720C2D85,Math,GP,F,17,3,1,0,100.0,6,5,0,3.67,fail,3,Medium Risk,no,yes,yes,no,4,4,1,1,5
STU_C5A171E776E7,Math,GP,F,16,2,0,2,97.85,16,16,17,16.33,pass,0,Low Risk,yes,no,yes,yes,2,1,1,1,3
STU_82137FFBCE06,Math,GP,M,18,2,0,0,100.0,12,13,13,12.67,pass,1,Low Risk,no,yes,yes,yes,3,3,5,5,4
STU_EA81CE2D299D,Math,GP,F,16,3,0,0,100.0,13,13,14,13.33,pass,1,Low Risk,no,yes,yes,yes,5,2,1,1,5
STU_1CD4BCFB4731,Math,GP,F,18,2,1,16,82.8,9,8,7,8.0,fail,4,Medium Risk,no,no,yes,yes,5,3,1,1,4
STU_2261CE7A9C17,Math,GP,F,17,2,0,10,89.25,16,15,15,15.33,pass,1,Low Risk,no,no,yes,yes,5,4,1,3,3
STU_4ECE3BD75E4D,Math,GP,M,17,2,0,2,97.85,12,11,12,11.67,pass,1,Low Risk,no,yes,yes,yes,5,3,1,3,3
STU_B941C70705E1,Math,GP,M,18,2,0,14,84.95,10,8,9,9.0,fail,3,Medium Risk,yes,yes,yes,yes,4,2,4,5,3
STU_E9A0F161DFA2,Math,GP,F,17,3,0,10,89.25,12,10,12,11.33,pass,2,Low Risk,no,no,yes,yes,3,3,1,2,3
STU_845482920D6A,Math,GP,F,17,2,0,14,84.95,13,13,14,13.33,pass,2,Low Risk,no,no,yes,yes,3,3,1,2,3
STU_0733497FEC31,Math,GP,M,17,2,0,4,95.7,11,11,11,11.0,pass,1,Low Risk,no,yes,yes,yes,4,2,1,1,1
STU_CE0BE76D3CBD,Math,GP,M,17,2,0,14,84.95,11,9,9,9.67,fail,3,Medium Risk,yes,yes,yes,yes,4,5,1,3,2
STU_040C9C3D5B94,Math,GP,M,16,2,0,2,97.85,14,13,13,13.33,pass,1,Low Risk,no,yes,yes,yes,4,4,2,4,1
STU_3161628FBE34,Math,GP,M,16,2,0,18,80.65,9,7,6,7.33,fail,3,Medium Risk,no,yes,yes,yes,3,2,1,1,5
STU_DE493EEBAB82,Math,GP,M,16,3,0,10,89.25,11,9,10,10.0,pass,2,Low Risk,no,no,yes,yes,5,3,1,3,2
STU_B224A43A29FB,Math,GP,M,17,2,0,4,95.7,14,13,13,13.33,pass,1,Low Risk,no,no,yes,yes,4,2,5,5,4
STU_E5BBE065BE82,Math,GP,F,16,1,0,20,78.49,13,12,12,12.33,pass,2,Low Risk,no,no,yes,yes,4,2,1,1,5
STU_DDA716A17FEB,Math,GP,F,17,2,0,2,97.85,13,11,11,11.67,pass,1,Low Risk,no,no,yes,no,2,1,1,1,3
STU_5851386CB13F,Math,GP,M,18,2,1,0,100.0,7,7,0,4.67,fail,3,Medium Risk,no,no,no,yes,5,4,3,5,2
STU_00E693737184,Math,GP,M,17,2,0,14,84.95,12,12,12,12.0,pass,2,Low Risk,no,no,yes,yes,2,5,1,4,5
STU_0F4B92B6F200,Math,GP,M,17,2,0,2,97.85,10,11,12,11.0,pass,1,Low Risk,no,yes,yes,yes,3,3,2,3,4
STU_1986EC206444,Math,GP,M,16,1,0,0,100.0,6,0,0,2.0,fail,2,Low Risk,no,no,yes,yes,5,5,1,1,3
STU_E56BE6AD247C,Math,GP,M,16,1,0,0,100.0,13,12,12,12.33,pass,1,Low Risk,no,no,yes,yes,5,2,1,2,5
STU_B278A5884D62,Math,GP,F,18,3,0,0,100.0,7,0,0,2.33,fail,2,Low Risk,no,yes,yes,yes,4,4,1,1,3
STU_283B0371EFC0,Math,GP,M,16,1,0,6,93.55,18,18,18,18.0,pass,0,Low Risk,no,no,yes,yes,4,3,1,1,4
STU_835867A63F4E,Math,GP,M,17,1,0,4,95.7,12,12,13,12.33,pass,1,Low Risk,no,no,yes,yes,5,2,1,1,2
STU_32B6CE6B8F1F,Math,GP,M,22,1,3,16,82.8,6,8,8,7.33,fail,5,High Risk,no,no,no,yes,5,5,5,5,1
STU_D0AF8C290D2D,Math,GP,M,18,2,1,8,91.4,3,5,5,4.33,fail,3,Medium Risk,no,yes,yes,yes,4,3,1,3,5
STU_D8FD63CFA26A,Math,GP,M,16,1,0,0,100.0,13,15,15,14.33,pass,0,Low Risk,no,no,yes,yes,4,2,2,4,5
STU_C75B6B282E50,Math,GP,M,18,1,1,0,100.0,6,8,8,7.33,fail,3,Medium Risk,no,no,no,yes,4,5,2,4,5
STU_E50DCED90400,Math,GP,M,16,2,0,6,93.55,7,10,10,9.0,fail,2,Low Risk,yes,yes,yes,yes,5,3,1,3,2
STU_D219B66A3640,Math,GP,M,18,1,1,4,95.7,6,9,8,7.67,fail,3,Medium Risk,no,no,no,yes,3,5,2,5,5
STU_FE3ABAD17ED6,Math,GP,M,16,1,0,0,100.0,8,9,8,8.33,fail,2,Low Risk,no,no,yes,no,3,2,1,3,3
STU_BF35E25ABF4F,Math,GP,M,17,1,0,0,100.0,8,12,12,10.67,pass,1,Low Risk,no,no,yes,yes,4,2,2,4,5
STU_DBC3DFBA352B,Math,GP,M,17,1,1,2,97.85,7,9,8,8.0,fail,3,Medium Risk,no,yes,yes,yes,4,4,1,2,5
STU_6C681F9DB787,Math,GP,F,17,4,0,6,93.55,14,12,13,13.0,pass,1,Low Risk,no,yes,yes,yes,4,3,1,1,4
STU_FD9F7C75BB9C,Math,GP,M,19,2,0,12,87.1,11,11,11,11.0,pass,2,Low Risk,no,yes,yes,yes,4,1,1,1,1
STU_C3FB9BAADB19,Math,GP,M,18,2,0,8,91.4,15,14,14,14.33,pass,0,Low Risk,no,no,yes,yes,5,4,1,2,4
STU_453D05D21223,Math,GP,F,17,4,0,0,100.0,10,9,0,6.33,fail,2,Low Risk,no,no,yes,yes,3,1,1,1,2
STU_76DAFB86F005,Math,GP,F,18,2,0,21,77.42,17,18,18,17.67,pass,1,Low Risk,no,yes,yes,yes,3,2,1,3,2
STU_AF945B2F927E,Math,GP,M,18,2,0,2,97.85,8,8,8,8.0,fail,2,Low Risk,no,yes,yes,yes,4,2,1,1,3
STU_AD26B0134995,Math,GP,M,18,3,0,1,98.92,13,12,12,12.33,pass,1,Low Risk,no,no,yes,no,5,2,1,1,3
STU_6D027B98F35E,Math,GP,F,17,3,0,4,95.7,10,9,9,9.33,fail,2,Low Risk,no,no,yes,no,3,3,1,1,4
STU_FE7847399EEA,Math,GP,F,18,3,0,0,100.0,9,10,0,6.33,fail,2,Low Risk,no,yes,yes,yes,4,3,1,1,3
STU_31689E73F08F,Math,GP,M,18,2,0,13,86.02,17,17,17,17.0,pass,1,Low Risk,no,yes,yes,yes,4,5,3,4,1
STU_09DB15C50DA1,Math,GP,M,17,2,0,2,97.85,9,9,10,9.33,fail,2,Low Risk,no,no,yes,yes,5,4,3,4,5
STU_D5E390FE86C5,Math,GP,F,18,2,0,8,91.4,12,10,11,11.0,pass,1,Low Risk,no,no,yes,yes,4,4,2,2,4
STU_9245139BB85C,Math,GP,M,18,2,0,10,89.25,10,9,10,9.67,fail,3,Medium Risk,no,yes,yes,yes,5,5,1,3,5
STU_7D2FC31C457C,Math,GP,F,18,2,0,0,100.0,6,0,0,2.0,fail,2,Low Risk,no,yes,no,yes,4,5,1,2,3
STU_B5B380348025,Math,GP,F,19,2,2,15,83.87,9,9,9,9.0,fail,5,High Risk,no,yes,yes,yes,4,5,3,3,5
STU_5C331FBD150F,Math,GP,F,18,4,0,4,95.7,15,14,14,14.33,pass,0,Low Risk,no,yes,yes,yes,4,5,1,3,2
STU_4D9EADD9B6BD,Math,GP,F,18,2,0,2,97.85,11,11,11,11.0,pass,1,Low Risk,no,yes,yes,no,4,3,1,1,3
STU_67485E941D81,Math,GP,M,17,2,0,2,97.85,15,14,14,14.33,pass,0,Low Risk,no,yes,yes,no,3,2,2,2,1
STU_46574B0C9F38,Math,GP,F,17,2,0,2,97.85,10,10,10,10.0,pass,1,Low Risk,no,yes,yes,yes,4,3,1,1,1
STU_616ECDDC5E3D,Math,GP,F,17,2,0,6,93.55,12,12,12,12.0,pass,1,Low Risk,yes,yes,yes,yes,4,4,2,3,5
STU_751182F33235,Math,GP,F,18,2,0,75,19.35,10,9,9,9.33,fail,4,Medium Risk,no,no,no,yes,4,1,1,1,5
STU_8DE96E545A54,Math,GP,M,18,1,0,22,76.34,9,9,9,9.0,fail,3,Medium Risk,no,no,yes,yes,3,4,1,4,3
STU_5EDD4A558551,Math,GP,F,18,2,1,15,83.87,9,8,8,8.33,fail,4,Medium Risk,yes,yes,yes,yes,2,4,1,1,4
STU_AEFE492D46D3,Math,GP,M,18,1,0,8,91.4,10,11,10,10.33,pass,1,Low Risk,no,no,yes,yes,4,3,1,2,1
STU_66F92509476F,Math,GP,M,17,1,0,30,67.74,8,8,8,8.0,fail,4,Medium Risk,no,no,yes,yes,4,4,2,4,5
STU_5EA6DDA3FB2C,Math,GP,M,17,1,1,19,79.57,11,9,10,10.0,pass,3,Medium Risk,no,no,yes,yes,4,4,3,4,3
STU_84FD49B1DF3F,Math,GP,F,18,4,0,1,98.92,12,12,12,12.0,pass,1,Low Risk,no,yes,yes,no,5,2,1,1,3
STU_EC6C075B5625,Math,GP,F,18,2,0,4,95.7,8,9,10,9.0,fail,2,Low Risk,yes,no,yes,yes,5,4,1,1,4
STU_F17B84F40248,Math,GP,M,17,2,0,2,97.85,12,10,11,11.0,pass,1,Low Risk,no,no,yes,yes,4,3,1,2,4
STU_BC2A0F25E543,Math,GP,F,18,3,0,5,94.62,18,18,19,18.33,pass,0,Low Risk,no,yes,yes,yes,4,3,1,2,2
STU_2CC2C84A338D,Math,GP,F,17,3,0,6,93.55,13,12,12,12.33,pass,1,Low Risk,no,yes,yes,yes,4,3,1,1,3
STU_13463D5E9A35,Math,GP,M,18,3,0,6,93.55,15,14,14,14.33,pass,0,Low Risk,no,no,yes,yes,4,4,1,3,2
STU_C23EBA6E9FBB,Math,GP,M,18,2,0,9,90.32,15,13,15,14.33,pass,0,Low Risk,no,yes,yes,yes,5,3,1,1,2
STU_39CBA06FBFE6,Math,GP,M,18,2,0,11,88.17,12,11,11,11.33,pass,2,Low Risk,no,yes,yes,yes,4,2,1,4,5
STU_F8F81DDEE598,Math,GP,F,17,3,0,0,100.0,15,15,15,15.0,pass,0,Low Risk,no,yes,yes,yes,4,2,1,2,3
STU_A20763C8A5AC,Math,GP,F,18,2,1,12,87.1,12,12,13,12.33,pass,3,Medium Risk,no,no,yes,yes,5,3,1,1,5
STU_674339000322,Math,GP,F,17,4,0,6,93.55,18,18,18,18.0,pass,0,Low Risk,no,yes,yes,no,3,2,1,1,3
STU_8C6E2BCC1680,Math,GP,M,18,3,0,8,91.4,14,13,14,13.67,pass,1,Low Risk,no,yes,yes,yes,5,2,1,1,4
STU_0A9685326E3D,Math,GP,M,17,1,0,4,95.7,14,12,11,12.33,pass,1,Low Risk,no,yes,yes,yes,4,3,1,3,5
STU_EBB823CEB401,Math,GP,F,19,2,0,0,100.0,10,9,0,6.33,fail,2,Low Risk,no,yes,yes,yes,2,4,2,3,2
STU_8D2DEAE88975,Math,GP,F,18,2,0,10,89.25,10,8,8,8.67,fail,3,Medium Risk,no,yes,yes,yes,4,5,1,2,2
STU_533A8BABF42B,Math,GP,F,18,4,0,0,100.0,14,13,14,13.67,pass,1,Low Risk,no,yes,yes,yes,4,3,1,1,3
STU_D377D6F5B64D,Math,GP,M,18,1,0,5,94.62,16,15,16,15.67,pass,0,Low Risk,no,yes,yes,yes,1,2,2,2,1
STU_6E378AAE0F5E,Math,GP,F,18,2,0,14,84.95,12,10,11,11.0,pass,2,Low Risk,no,yes,yes,yes,4,4,1,1,4
STU_509B56F55B48,Math,GP,M,17,1,0,0,100.0,11,11,10,10.67,pass,1,Low Risk,no,no,yes,yes,4,1,2,2,5
STU_BCCE202B1AAC,Math,GP,F,17,3,0,0,100.0,15,12,14,13.67,pass,1,Low Risk,no,yes,yes,yes,4,3,1,1,3
STU_48CB26839EA8,Math,GP,F,17,4,0,0,100.0,17,17,18,17.33,pass,0,Low Risk,no,yes,yes,yes,5,2,1,2,5
STU_080830832AA5,Math,GP,M,19,2,1,20,78.49,15,14,13,14.0,pass,2,Low Risk,no,yes,yes,yes,4,4,1,1,3
STU_FB89A83290C4,Math,GP,F,18,2,1,8,91.4,14,12,12,12.67,pass,2,Low Risk,no,yes,yes,yes,4,3,1,1,3
STU_464D5ABC2C89,Math,GP,M,20,1,0,0,100.0,17,18,18,17.67,pass,0,Low Risk,no,no,yes,no,5,3,1,1,5
STU_B86BC6E09B73,Math,GP,M,19,1,1,38,59.14,8,9,8,8.33,fail,5,High Risk,no,yes,yes,yes,4,4,1,1,4
STU_6062175D4CBC,Math,GP,M,19,2,1,0,100.0,15,12,12,13.0,pass,2,Low Risk,no,no,yes,no,4,3,1,2,5
STU_284A4EE80516,Math,GP,F,19,2,1,18,80.65,12,10,10,10.67,pass,3,Medium Risk,yes,yes,yes,yes,4,3,1,3,3
STU_80416645B17D,Math,GP,F,19,2,1,0,100.0,9,9,0,6.0,fail,3,Medium Risk,no,no,yes,no,4,4,2,2,3
STU_85A7AE678D7B,Math,GP,F,19,2,0,20,78.49,14,12,13,13.0,pass,2,Low Risk,no,yes,no,yes,3,1,1,1,2
STU_07D81A4A4A94,Math,GP,M,19,2,1,3,96.77,13,11,11,11.67,pass,2,Low Risk,no,no,yes,yes,4,2,2,2,4
STU_03DF4B6240A1,Math,GP,F,19,2,1,22,76.34,13,10,11,11.33,pass,3,Medium Risk,no,yes,yes,yes,4,2,1,2,1
STU_939B3112E23B,Math,GP,F,19,3,2,14,84.95,15,13,13,13.67,pass,4,Medium Risk,no,no,yes,yes,4,2,1,1,3
STU_04D40B7D3967,Math,GP,F,19,3,1,40,56.99,13,11,11,11.67,pass,4,Medium Risk,no,no,yes,yes,4,2,1,1,3
STU_8DDA3D940D02,Math,GP,F,18,2,0,0,100.0,8,8,0,5.33,fail,2,Low Risk,no,yes,yes,yes,5,3,1,2,1
STU_35EAE1623B15,Math,GP,F,18,3,0,9,90.32,9,10,9,9.33,fail,2,Low Risk,no,yes,yes,yes,4,4,1,1,5
STU_57D5152210E4,Math,GP,F,17,3,0,0,100.0,11,11,10,10.67,pass,1,Low Risk,no,yes,yes,yes,4,4,2,5,5
STU_F90CCB0CDF59,Math,GP,F,18,2,0,2,97.85,11,11,11,11.0,pass,1,Low Risk,no,yes,yes,yes,4,4,3,3,5
STU_CE7017AA9F73,Math,GP,F,17,2,0,23,75.27,13,13,13,13.0,pass,2,Low Risk,no,yes,yes,yes,5,2,1,2,5
STU_EF4A82487951,Math,GP,F,17,3,0,3,96.77,11,11,11,11.0,pass,1,Low Risk,no,yes,yes,yes,3,2,2,2,3
STU_15CAC1764582,Math,GP,F,17,3,0,1,98.92,12,14,15,13.67,pass,1,Low Risk,no,yes,yes,yes,3,3,2,3,5
STU_013A6A31EBA8,Math,GP,F,17,3,0,0,100.0,16,15,15,15.33,pass,0,Low Risk,no,no,yes,yes,3,3,2,3,2
STU_13E7838FE3C4,Math,GP,M,18,3,0,3,96.77,9,12,11,10.67,pass,1,Low Risk,no,no,yes,yes,4,3,2,2,3
STU_8566593E279E,Math,GP,M,17,1,0,3,96.77,14,15,16,15.0,pass,0,Low Risk,no,no,yes,yes,4,5,3,5,5
STU_ABBAD389C43C,Math,GP,M,17,1,0,8,91.4,11,10,10,10.33,pass,1,Low Risk,no,yes,yes,yes,4,5,5,5,4
STU_D9AAE7DB3706,Math,GP,F,17,3,0,7,92.47,10,9,9,9.33,fail,2,Low Risk,no,yes,yes,yes,5,4,1,3,4
STU_5EFD95C44990,Math,GP,F,17,3,0,4,95.7,14,14,14,14.0,pass,0,Low Risk,no,yes,yes,yes,4,3,1,2,4
STU_88CC97F36D0C,Math,GP,M,18,4,0,2,97.85,9,8,8,8.33,fail,2,Low Risk,no,yes,yes,yes,4,5,2,4,5
STU_D4B565E91D17,Math,GP,F,17,3,0,7,92.47,12,14,14,13.33,pass,1,Low Risk,no,yes,yes,yes,4,3,1,1,5
STU_613C24678387,Math,GP,F,18,2,0,0,100.0,7,0,0,2.33,fail,2,Low Risk,no,no,yes,yes,5,4,1,1,4
STU_BF025D46DFBA,Math,GP,F,18,2,0,0,100.0,8,8,0,5.33,fail,2,Low Risk,no,no,yes,yes,4,3,1,1,2
STU_54B9FD282BE2,Math,GP,F,18,4,0,0,100.0,10,9,0,6.33,fail,2,Low Risk,no,no,yes,no,4,4,1,1,4
STU_9B960C0A50B9,Math,GP,F,17,3,0,16,82.8,16,15,15,15.33,pass,1,Low Risk,no,no,yes,yes,4,5,1,3,5
STU_78DB33073C59,Math,GP,F,19,3,1,12,87.1,14,13,13,13.33,pass,3,Medium Risk,no,no,yes,no,5,3,1,2,5
STU_6B8D2B535E92,Math,GP,F,17,2,0,0,100.0,7,8,0,5.0,fail,2,Low Risk,no,yes,yes,yes,4,2,2,3,2
STU_4627AE11DDD3,Math,GP,F,18,4,0,7,92.47,16,15,17,16.0,pass,0,Low Risk,no,yes,yes,yes,5,3,1,1,1
STU_3661EE527021,Math,GP,F,17,2,0,4,95.7,9,10,10,9.67,fail,2,Low Risk,no,yes,yes,yes,4,3,2,3,2
STU_8091ECA8BC07,Math,GP,F,19,3,1,4,95.7,11,12,11,11.33,pass,2,Low Risk,no,no,yes,yes,4,4,1,3,3
STU_0C14A8F52320,Math,GP,M,18,2,1,0,100.0,10,10,0,6.67,fail,3,Medium Risk,no,yes,yes,yes,4,3,2,2,2
STU_C18D0D586580,Math,GP,M,18,2,0,11,88.17,16,15,15,15.33,pass,1,Low Risk,no,no,yes,yes,4,3,1,3,5
STU_241C973E3021,Math,GP,F,17,2,1,0,100.0,9,8,0,5.67,fail,3,Medium Risk,no,yes,yes,yes,3,1,1,2,4
STU_8BF3D2ED07F1,Math,GP,F,18,3,0,4,95.7,11,10,10,10.33,pass,1,Low Risk,no,yes,yes,yes,4,3,1,2,3
STU_CFF60717B20F,Math,GP,F,18,3,0,7,92.47,13,13,14,13.33,pass,1,Low Risk,no,no,yes,yes,5,3,2,3,1
STU_366660258B05,Math,GP,M,18,3,0,9,90.32,16,15,16,15.67,pass,0,Low Risk,no,no,yes,yes,5,2,1,2,4
STU_723DB62D2CDC,Math,GP,M,18,3,0,0,100.0,10,10,9,9.67,fail,2,Low Risk,no,yes,yes,yes,5,5,2,3,5
STU_0CD1D0E56FC1,Math,GP,F,17,3,0,0,100.0,13,15,15,14.33,pass,0,Low Risk,no,yes,yes,yes,4,3,1,3,4
STU_36915459247A,Math,MS,M,18,1,1,10,89.25,11,13,13,12.33,pass,3,Medium Risk,no,yes,yes,yes,2,5,5,5,5
STU_573030170A53,Math,MS,M,19,2,3,8,91.4,8,7,8,7.67,fail,4,Medium Risk,no,no,yes,yes,5,4,3,3,2
STU_F8FCABE60BD0,Math,MS,M,17,2,0,2,97.85,13,13,13,13.0,pass,1,Low Risk,no,yes,yes,yes,4,4,2,3,3
STU_5658719088A8,Math,MS,M,18,1,1,7,92.47,8,7,8,7.67,fail,3,Medium Risk,no,no,no,yes,4,3,2,3,3
STU_FBC4E66AF99F,Math,MS,M,19,1,1,4,95.7,8,8,8,8.0,fail,3,Medium Risk,no,yes,yes,yes,4,4,3,3,5
STU_B36CFB4CE66B,Math,MS,M,17,2,0,4,95.7,13,11,11,11.67,pass,1,Low Risk,no,yes,yes,yes,4,5,1,3,2
STU_F57B25814471,Math,MS,F,18,2,0,0,100.0,10,9,9,9.33,fail,2,Low Risk,no,yes,yes,no,5,4,1,1,5
STU_1D932557656F,Math,MS,F,17,2,0,4,95.7,12,13,13,12.67,pass,1,Low Risk,no,yes,yes,yes,4,3,1,2,5
STU_E9EEEC318E43,Math,MS,F,17,2,0,2,97.85,12,12,11,11.67,pass,1,Low Risk,no,no,yes,no,1,3,1,2,5
STU_6DF5CCB361A2,Math,MS,M,18,1,0,4,95.7,10,10,10,10.0,pass,1,Low Risk,no,no,yes,yes,3,2,1,2,3
STU_C47C40785360,Math,MS,F,18,3,0,0,100.0,18,16,16,16.67,pass,0,Low Risk,no,no,yes,yes,5,2,1,1,4
STU_6B6126C1F7EE,Math,MS,F,18,2,0,0,100.0,13,13,13,13.0,pass,1,Low Risk,no,no,yes,no,4,4,1,4,5
STU_DA3B3BB99328,Math,MS,M,18,2,1,2,97.85,13,12,12,12.33,pass,2,Low Risk,no,no,no,no,4,3,2,3,5
STU_06E71B79DB27,Math,MS,F,18,2,0,0,100.0,11,11,10,10.67,pass,1,Low Risk,no,yes,yes,yes,4,2,1,3,3
STU_942300821653,Math,MS,F,17,2,0,0,100.0,16,15,15,15.33,pass,0,Low Risk,no,yes,yes,yes,2,4,1,1,1
STU_A83D667231EE,Math,MS,F,17,2,0,0,100.0,12,11,12,11.67,pass,1,Low Risk,no,no,yes,no,3,2,1,2,3
STU_D3A869E52A17,Math,MS,M,18,2,0,4,95.7,10,10,10,10.0,pass,1,Low Risk,no,yes,yes,no,3,4,2,4,3
STU_29C33CDFA831,Math,MS,M,18,3,0,0,100.0,13,13,13,13.0,pass,1,Low Risk,no,no,yes,yes,4,2,2,2,5
STU_03633E56C061,Math,MS,F,17,1,1,0,100.0,7,6,0,4.33,fail,3,Medium Risk,no,yes,yes,yes,5,1,1,2,1
STU_004A60BD9E0D,Math,MS,F,18,1,0,0,100.0,11,10,10,10.33,pass,1,Low Risk,no,yes,yes,yes,5,3,1,2,4
STU_E13DD8852CF8,Math,MS,F,18,2,0,10,89.25,14,12,11,12.33,pass,2,Low Risk,no,yes,yes,yes,3,2,4,2,5
STU_A0F13DA8C8A5,Math,MS,F,19,2,2,4,95.7,7,7,9,7.67,fail,4,Medium Risk,no,no,yes,no,3,2,1,1,3
STU_972C7C03850A,Math,MS,M,18,1,0,3,96.77,14,12,12,12.67,pass,1,Low Risk,no,yes,no,yes,4,3,2,3,3
STU_D40C0F58E4F3,Math,MS,F,17,3,0,8,91.4,13,11,11,11.67,pass,1,Low Risk,no,no,yes,no,3,3,1,1,3
STU_92E747A344D2,Math,MS,F,17,1,0,14,84.95,6,5,5,5.33,fail,3,Medium Risk,no,no,yes,yes,3,5,1,3,1
STU_40B535F5B9F5,Math,MS,F,18,3,0,0,100.0,19,18,19,18.67,pass,0,Low Risk,no,no,yes,yes,5,4,1,1,1
STU_5B5EAEF0FB44,Math,MS,F,18,3,0,2,97.85,8,8,10,8.67,fail,2,Low Risk,no,no,yes,yes,4,2,1,2,4
STU_1C63C3DD5515,Math,MS,F,20,3,2,4,95.7,15,14,15,14.67,pass,2,Low Risk,no,yes,yes,yes,5,3,1,1,3
STU_F7C7D3F6D76C,Math,MS,F,18,2,0,4,95.7,8,9,10,9.0,fail,2,Low Risk,no,no,yes,yes,5,3,3,4,2
STU_3A13028E57F4,Math,MS,F,18,2,0,0,100.0,15,15,15,15.0,pass,0,Low Risk,no,no,yes,yes,4,3,1,2,1
STU_E5E073DCDA74,Math,MS,F,17,2,0,17,81.72,10,10,10,10.0,pass,2,Low Risk,no,yes,yes,yes,4,4,2,3,1
STU_195E5E7A4D68,Math,MS,M,18,2,0,4,95.7,15,14,14,14.33,pass,0,Low Risk,no,no,yes,yes,3,4,1,4,2
STU_587CCD3BB339,Math,MS,M,18,1,0,5,94.62,7,6,7,6.67,fail,2,Low Risk,no,no,yes,yes,4,3,1,3,5
STU_5361C28ECBD2,Math,MS,M,17,2,0,2,97.85,11,11,10,10.67,pass,1,Low Risk,no,no,yes,yes,4,3,1,1,3
STU_8D95B27DA922,Math,MS,M,19,1,1,0,100.0,6,5,0,3.67,fail,3,Medium Risk,no,no,yes,no,4,2,1,3,5
STU_BFDE577ECD0E,Math,MS,M,18,1,1,14,84.95,6,5,5,5.33,fail,4,Medium Risk,no,no,yes,no,5,3,4,3,3
STU_8F3AE203FBC5,Math,MS,F,18,3,0,2,97.85,10,9,10,9.67,fail,2,Low Risk,no,no,yes,no,5,3,1,3,4
STU_66694099F864,Math,MS,F,18,1,0,7,92.47,6,5,6,5.67,fail,2,Low Risk,no,yes,yes,yes,4,3,2,2,5
STU_55A0F4FDE2A1,Math,MS,F,19,3,1,0,100.0,7,5,0,4.0,fail,3,Medium Risk,no,no,yes,yes,5,2,1,2,5
STU_79D6974D59D5,Math,MS,F,18,2,0,0,100.0,7,9,8,8.0,fail,2,Low Risk,no,yes,yes,yes,4,4,1,1,1
STU_CBE0093D4264,Math,MS,F,18,2,1,0,100.0,6,5,0,3.67,fail,3,Medium Risk,no,no,yes,no,1,1,1,1,5
STU_78CE863D101F,Math,MS,M,20,2,2,11,88.17,9,9,9,9.0,fail,5,High Risk,no,yes,yes,no,5,4,4,5,4
STU_A8EF4F660877,Math,MS,M,17,1,0,3,96.77,14,16,16,15.33,pass,0,Low Risk,no,no,yes,yes,2,5,3,4,2
STU_1F857F2E00CA,Math,MS,M,21,1,3,3,96.77,10,8,7,8.33,fail,4,Medium Risk,no,no,yes,no,5,3,3,3,3
STU_C53899CD4059,Math,MS,M,18,1,0,0,100.0,11,12,10,11.0,pass,1,Low Risk,no,no,yes,yes,4,1,3,4,5
STU_04EBBC948D3E,Math,MS,M,19,1,0,5,94.62,8,9,9,8.67,fail,2,Low Risk,no,no,yes,yes,3,3,3,3,5
STU_F331360EEF03,Portuguese,GP,F,18,2,0,4,95.7,0,11,11,7.33,fail,2,Low Risk,yes,no,yes,no,4,4,1,1,3
STU_B66E5AC9F2A3,Portuguese,GP,F,17,2,0,2,97.85,9,11,11,10.33,pass,1,Low Risk,no,yes,yes,yes,5,3,1,1,3
STU_23C9BB4F3C8C,Portuguese,GP,F,15,2,0,6,93.55,12,13,12,12.33,pass,1,Low Risk,yes,no,yes,yes,4,2,2,3,3
STU_412503E3428F,Portuguese,GP,F,15,3,0,0,100.0,14,14,14,14.0,pass,0,Low Risk,no,yes,yes,yes,3,2,1,1,5
STU_C29930DFFF50,Portuguese,GP,F,16,2,0,0,100.0,11,13,13,12.33,pass,1,Low Risk,no,yes,yes,no,4,2,1,2,5
STU_70B88762364B,Portuguese,GP,M,16,2,0,6,93.55,12,12,13,12.33,pass,1,Low Risk,no,yes,yes,yes,5,2,1,2,5
STU_C90CCFCD1897,Portuguese,GP,M,16,2,0,0,100.0,13,12,13,12.67,pass,1,Low Risk,no,no,yes,yes,4,4,1,1,3
STU_BDE34098E161,Portuguese,GP,F,17,2,0,2,97.85,10,13,13,12.0,pass,1,Low Risk,yes,yes,yes,no,4,4,1,1,1
STU_A37F2C05DE50,Portuguese,GP,M,15,2,0,0,100.0,15,16,17,16.0,pass,0,Low Risk,no,yes,yes,yes,4,2,1,1,1
STU_899D469F4F86,Portuguese,GP,M,15,2,0,0,100.0,12,12,13,12.33,pass,1,Low Risk,no,yes,yes,yes,5,1,1,1,5
STU_BBF92A30CAEC,Portuguese,GP,F,15,2,0,2,97.85,14,14,14,14.0,pass,0,Low Risk,no,yes,yes,yes,3,3,1,2,2
STU_4938883ECE87,Portuguese,GP,F,15,3,0,0,100.0,10,12,13,11.67,pass,1,Low Risk,no,yes,yes,yes,5,2,1,1,4
STU_F229266534C7,Portuguese,GP,M,15,1,0,0,100.0,12,13,12,12.33,pass,1,Low Risk,no,yes,yes,yes,4,3,1,3,5
STU_0E4193F87AD0,Portuguese,GP,M,15,2,0,0,100.0,12,12,13,12.33,pass,1,Low Risk,no,yes,yes,yes,5,3,1,2,3
STU_7AC921F3B8CE,Portuguese,GP,M,15,3,0,0,100.0,14,14,15,14.33,pass,0,Low Risk,no,yes,yes,yes,4,2,1,1,3
STU_B2535F2F335B,Portuguese,GP,F,16,1,0,6,93.55,17,17,17,17.0,pass,0,Low Risk,no,yes,yes,yes,4,4,1,2,2
STU_A32FB6B90404,Portuguese,GP,F,16,3,0,10,89.25,13,13,14,13.33,pass,2,Low Risk,no,yes,yes,yes,3,3,1,2,2
STU_2A20A1B29054,Portuguese,GP,F,16,2,0,2,97.85,13,14,14,13.67,pass,1,Low Risk,yes,yes,yes,no,5,2,1,1,4
STU_B5A683DFFBE9,Portuguese,GP,M,17,1,3,2,97.85,8,8,7,7.67,fail,4,Medium Risk,no,yes,yes,yes,5,5,2,4,5
STU_D33E381A8A6C,Portuguese,GP,M,16,1,0,6,93.55,12,12,12,12.0,pass,1,Low Risk,no,no,yes,yes,3,3,1,3,5
STU_D7488E8CD929,Portuguese,GP,M,15,2,0,0,100.0,12,13,14,13.0,pass,1,Low Risk,no,no,yes,yes,4,1,1,1,1
STU_2D23C9542679,Portuguese,GP,M,15,1,0,0,100.0,11,12,12,11.67,pass,1,Low Risk,no,yes,yes,yes,5,2,1,1,5
STU_5CA7438EDC64,Portuguese,GP,M,16,2,0,0,100.0,12,13,14,13.0,pass,1,Low Risk,no,no,yes,yes,4,1,1,3,5
STU_F5A030130453,Portuguese,GP,M,16,2,0,2,97.85,10,10,10,10.0,pass,1,Low Risk,no,yes,yes,yes,5,4,2,4,5
STU_04C5E47753AB,Portuguese,GP,F,15,3,0,2,97.85,10,11,10,10.33,pass,1,Low Risk,yes,yes,yes,yes,4,2,1,1,5
STU_75753336A14B,Portuguese,GP,F,16,1,0,6,93.55,10,11,12,11.0,pass,1,Low Risk,no,yes,yes,yes,1,2,1,3,5
STU_DE646E68E207,Portuguese,GP,M,15,1,0,8,91.4,11,12,12,11.67,pass,1,Low Risk,no,yes,yes,yes,4,2,1,2,5
STU_E10D249E46F6,Portuguese,GP,M,15,1,0,0,100.0,11,11,11,11.0,pass,1,Low Risk,no,no,yes,yes,2,4,2,4,1
STU_0265263CE757,Portuguese,GP,M,16,2,0,2,97.85,12,12,13,12.33,pass,1,Low Risk,yes,yes,yes,yes,5,3,1,1,5
STU_4F4314FB0DDF,Portuguese,GP,M,16,2,0,4,95.7,12,11,12,11.67,pass,1,Low Risk,no,yes,yes,yes,4,5,5,5,5
STU_B22FBFC7CD1F,Portuguese,GP,M,15,2,0,0,100.0,10,11,11,10.67,pass,1,Low Risk,no,yes,yes,yes,5,2,3,4,5
STU_880937035420,Portuguese,GP,M,15,2,0,2,97.85,15,15,15,15.0,pass,0,Low Risk,no,yes,yes,yes,4,1,1,1,5
STU_EA4B2E239F2B,Portuguese,GP,M,15,2,0,0,100.0,13,14,15,14.0,pass,0,Low Risk,no,yes,yes,yes,4,2,1,1,5
STU_7129C765962B,Portuguese,GP,M,15,2,0,0,100.0,13,12,12,12.33,pass,1,Low Risk,no,no,yes,yes,5,2,1,1,2
STU_6B3AE516C91B,Portuguese,GP,M,16,1,0,4,95.7,12,12,12,12.0,pass,1,Low Risk,no,yes,yes,yes,5,3,1,1,5
STU_A5383532A18E,Portuguese,GP,F,15,1,0,4,95.7,11,11,11,11.0,pass,1,Low Risk,no,yes,yes,no,3,1,1,1,5
STU_07F69D177CDB,Portuguese,GP,M,15,3,0,0,100.0,14,14,14,14.0,pass,0,Low Risk,no,yes,yes,yes,5,3,1,1,4
STU_F028973E9CE0,Portuguese,GP,M,16,3,0,4,95.7,13,13,13,13.0,pass,1,Low Risk,no,yes,yes,yes,2,3,1,1,5
STU_A23FE9AAA957,Portuguese,GP,F,15,3,0,2,97.85,11,12,12,11.67,pass,1,Low Risk,yes,yes,yes,yes,4,2,1,1,5
STU_3DD32BE12FCF,Portuguese,GP,F,15,1,0,8,91.4,14,13,12,13.0,pass,1,Low Risk,yes,yes,yes,no,4,1,1,1,2
STU_ADEC688AD86B,Portuguese,GP,F,16,2,0,16,82.8,11,11,10,10.67,pass,2,Low Risk,no,yes,yes,yes,3,3,1,2,3
STU_C37481FEEB9B,Portuguese,GP,M,15,1,0,8,91.4,10,11,11,10.67,pass,1,Low Risk,no,yes,yes,yes,5,3,2,4,5
STU_2535E002245B,Portuguese,GP,M,15,2,0,0,100.0,14,15,15,14.67,pass,0,Low Risk,no,yes,yes,yes,4,3,1,1,5
STU_30C8F740ADE5,Portuguese,GP,M,15,1,0,0,100.0,9,10,10,9.67,fail,2,Low Risk,yes,yes,yes,yes,5,1,1,1,1
STU_5183A613636F,Portuguese,GP,F,16,2,1,14,84.95,10,11,11,10.67,pass,3,Medium Risk,yes,no,yes,yes,4,3,2,2,5
STU_FA297F6B94AD,Portuguese,GP,F,15,2,0,4,95.7,10,11,11,10.67,pass,1,Low Risk,yes,yes,yes,yes,5,2,1,1,5
STU_AB3EE54CC842,Portuguese,GP,F,16,2,0,6,93.55,13,12,13,12.67,pass,1,Low Risk,no,yes,yes,yes,2,5,1,4,3
STU_3AF8F967C27B,Portuguese,GP,M,16,4,0,2,97.85,17,17,17,17.0,pass,0,Low Risk,no,no,yes,yes,4,2,1,1,2
STU_8DF2C6DDAB6D,Portuguese,GP,M,15,2,0,4,95.7,11,12,13,12.0,pass,1,Low Risk,no,yes,yes,no,4,3,2,2,5
STU_AB93448605BB,Portuguese,GP,F,15,2,0,2,97.85,13,12,12,12.33,pass,1,Low Risk,yes,yes,yes,yes,4,4,1,1,3
STU_13AC728C98ED,Portuguese,GP,F,16,2,0,0,100.0,14,13,13,13.33,pass,1,Low Risk,no,yes,yes,yes,4,3,2,3,4
STU_D49FFD6EC6F5,Portuguese,GP,F,15,2,0,0,100.0,16,14,16,15.33,pass,0,Low Risk,no,yes,yes,yes,4,3,1,1,5
STU_13A84F2A1999,Portuguese,GP,M,15,1,0,4,95.7,10,9,9,9.33,fail,2,Low Risk,no,no,yes,no,5,5,3,4,5
STU_453AEC8BA3E6,Portuguese,GP,F,15,1,0,0,100.0,13,12,12,12.33,pass,1,Low Risk,yes,yes,yes,yes,3,4,2,3,5
STU_35D9A44C3E32,Portuguese,GP,F,15,1,0,0,100.0,13,12,13,12.67,pass,1,Low Risk,no,no,yes,yes,5,4,4,4,1
STU_F5043A9CF8CD,Portuguese,GP,F,16,2,0,2,97.85,12,13,12,12.33,pass,1,Low Risk,no,no,yes,yes,5,4,1,1,2
STU_93BF7CC7D9BC,Portuguese,GP,F,15,2,0,0,100.0,15,14,15,14.67,pass,0,Low Risk,no,yes,yes,yes,4,2,1,1,1
STU_D135406F4BFC,Portuguese,GP,M,15,2,0,8,91.4,15,15,16,15.33,pass,0,Low Risk,no,yes,yes,no,3,2,1,1,5
STU_940181530455,Portuguese,GP,M,15,2,0,0,100.0,14,13,14,13.67,pass,1,Low Risk,yes,yes,yes,yes,4,2,1,1,5
STU_E3A3BD7B23CF,Portuguese,GP,F,16,2,0,2,97.85,16,15,16,15.67,pass,0,Low Risk,no,yes,yes,yes,4,3,1,1,5
STU_D8A65F17FCD9,Portuguese,GP,F,16,2,0,0,100.0,17,16,16,16.33,pass,0,Low Risk,no,yes,yes,no,2,4,2,3,4
STU_EAFA5E72E88E,Portuguese,GP,F,16,1,0,0,100.0,10,10,16,12.0,pass,1,Low Risk,yes,yes,yes,yes,5,5,5,5,5
STU_807F1FFE4475,Portuguese,GP,F,16,2,0,0,100.0,13,13,10,12.0,pass,1,Low Risk,yes,no,yes,yes,4,3,1,1,1
STU_CD17DA76EE94,Portuguese,GP,F,16,3,0,0,100.0,14,13,13,13.33,pass,1,Low Risk,yes,yes,yes,yes,3,4,2,4,4
STU_5722C38CCC7A,Portuguese,GP,F,15,2,0,0,100.0,13,12,12,12.33,pass,1,Low Risk,yes,no,yes,yes,4,4,2,4,2
STU_1F6CB4C69F29,Portuguese,GP,F,16,2,0,2,97.85,16,15,16,15.67,pass,0,Low Risk,no,yes,yes,yes,5,3,1,2,1
STU_1D3AC55BE9D3,Portuguese,GP,M,15,4,0,0,100.0,11,12,12,11.67,pass,1,Low Risk,no,yes,yes,yes,1,3,5,5,3
STU_4761BC6AE507,Portuguese,GP,F,16,4,0,0,100.0,10,9,10,9.67,fail,2,Low Risk,yes,yes,yes,yes,4,3,1,2,5
STU_42B5AF36C3C3,Portuguese,GP,F,15,2,0,0,100.0,11,10,11,10.67,pass,1,Low Risk,yes,yes,yes,yes,4,3,1,3,4
STU_EBD7358FB3F1,Portuguese,GP,F,15,4,0,6,93.55,15,15,15,15.0,pass,0,Low Risk,no,yes,yes,yes,4,2,2,3,3
STU_8C16C7FDA0F3,Portuguese,GP,M,16,4,0,2,97.85,13,11,11,11.67,pass,1,Low Risk,no,yes,yes,yes,4,2,1,1,5
STU_FBD81CDA3626,Portuguese,GP,M,15,4,0,0,100.0,11,9,10,10.0,pass,1,Low Risk,no,no,yes,yes,3,3,1,1,3
STU_8BDE56082461,Portuguese,GP,F,15,2,0,2,97.85,13,11,11,11.67,pass,1,Low Risk,yes,yes,yes,yes,3,4,2,4,5
STU_D174CD997EBF,Portuguese,GP,M,16,1,0,0,100.0,13,13,14,13.33,pass,1,Low Risk,no,no,yes,no,5,2,2,2,5
STU_0F18CD1E66EC,Portuguese,GP,F,16,2,0,4,95.7,11,11,11,11.0,pass,1,Low Risk,yes,yes,yes,yes,4,3,2,4,5
STU_0F8DB7D0DAF9,Portuguese,GP,M,15,2,0,0,100.0,11,11,11,11.0,pass,1,Low Risk,no,yes,yes,yes,4,3,2,3,5
STU_2A32457FDAD3,Portuguese,GP,M,15,4,0,0,100.0,12,11,11,11.33,pass,1,Low Risk,no,no,yes,yes,3,3,1,1,1
STU_793942049B80,Portuguese,GP,F,16,4,0,1,98.92,13,13,13,13.0,pass,1,Low Risk,no,no,yes,yes,5,3,1,3,3
STU_E6B886E4421A,Portuguese,GP,M,17,1,3,0,100.0,9,9,10,9.33,fail,4,Medium Risk,yes,yes,no,yes,4,1,1,1,3
STU_0AC971948011,Portuguese,GP,F,16,2,0,14,84.95,12,11,11,11.33,pass,2,Low Risk,no,yes,yes,yes,2,3,1,2,3
STU_019A15575BDE,Portuguese,GP,M,15,1,0,0,100.0,11,11,12,11.33,pass,1,Low Risk,yes,yes,yes,yes,3,2,1,3,3
STU_A35E9433F006,Portuguese,GP,M,15,3,0,2,97.85,10,9,9,9.33,fail,2,Low Risk,yes,no,yes,yes,5,2,1,2,5
STU_C4CE778B2055,Portuguese,GP,F,15,2,0,4,95.7,12,11,11,11.33,pass,1,Low Risk,no,yes,yes,yes,4,4,1,1,5
STU_577287BE0E74,Portuguese,GP,M,15,2,0,2,97.85,13,12,13,12.67,pass,1,Low Risk,no,no,yes,yes,5,3,1,3,4
STU_BB88F93F3CC9,Portuguese,GP,F,15,2,0,2,97.85,13,12,12,12.33,pass,1,Low Risk,no,yes,yes,yes,4,2,2,3,4
STU_9200D2797B3D,Portuguese,GP,F,15,2,0,4,95.7,12,11,12,11.67,pass,1,Low Risk,no,no,yes,yes,4,4,2,3,5
STU_9BC1AE367BA1,Portuguese,GP,F,16,2,0,6,93.55,13,11,11,11.67,pass,1,Low Risk,no,yes,yes,no,4,4,1,2,2
STU_913D64268994,Portuguese,GP,F,15,3,0,4,95.7,15,15,15,15.0,pass,0,Low Risk,no,yes,yes,yes,5,3,1,3,1
STU_0F89026DCAEB,Portuguese,GP,M,16,2,0,6,93.55,12,10,11,11.0,pass,1,Low Risk,no,no,yes,yes,4,2,1,1,3
STU_27E40B851DE6,Portuguese,GP,M,16,2,0,6,93.55,9,9,10,9.33,fail,2,Low Risk,no,yes,yes,no,4,3,3,5,5
STU_F4A07C507643,Portuguese,GP,F,16,3,0,2,97.85,9,11,11,10.33,pass,1,Low Risk,no,yes,yes,yes,4,3,1,3,4
STU_A1C6D7011947,Portuguese,GP,F,15,1,0,6,93.55,14,13,13,13.33,pass,1,Low Risk,no,no,yes,yes,4,5,1,3,1
STU_4F72021F3BCD,Portuguese,GP,F,16,2,0,0,100.0,12,13,12,12.33,pass,1,Low Risk,yes,yes,yes,no,3,3,2,3,2
STU_77F33AB674A6,Portuguese,GP,F,16,2,0,2,97.85,13,14,14,13.67,pass,1,Low Risk,no,yes,yes,yes,5,3,1,1,1
STU_E88B8387D0A1,Portuguese,GP,M,15,4,0,2,97.85,11,12,12,11.67,pass,1,Low Risk,no,yes,yes,yes,4,4,1,1,4
STU_B6E88DC210E2,Portuguese,GP,F,15,4,0,4,95.7,13,13,13,13.0,pass,1,Low Risk,yes,yes,yes,yes,3,2,1,1,1
STU_BB3B5C1990B5,Portuguese,GP,M,16,1,0,6,93.55,9,11,11,10.33,pass,1,Low Risk,yes,yes,yes,yes,3,3,1,1,4
STU_4B4C9BBF2443,Portuguese,GP,F,16,2,0,0,100.0,13,12,12,12.33,pass,1,Low Risk,no,yes,yes,no,4,5,1,1,5
STU_1F41A8B0A0AC,Portuguese,GP,F,16,1,0,4,95.7,12,13,13,12.67,pass,1,Low Risk,no,no,yes,yes,5,4,1,2,1
STU_A5A026146915,Portuguese,GP,F,16,3,0,2,97.85,12,13,13,12.67,pass,1,Low Risk,yes,yes,yes,yes,5,5,1,1,3
STU_0610B131FEFA,Portuguese,GP,M,16,1,0,12,87.1,9,9,8,8.67,fail,3,Medium Risk,yes,yes,yes,yes,4,5,5,5,4
STU_036A5F50905D,Portuguese,GP,M,16,3,0,0,100.0,16,16,16,16.0,pass,0,Low Risk,no,yes,yes,yes,4,3,1,1,4
STU_E7314FD9B29C,Portuguese,GP,M,15,1,0,2,97.85,12,13,12,12.33,pass,1,Low Risk,no,yes,yes,yes,5,3,1,1,5
STU_591C9162E1E3,Portuguese,GP,F,15,2,0,16,82.8,11,10,10,10.33,pass,2,Low Risk,yes,yes,yes,yes,4,5,1,1,2
STU_433340B852FC,Portuguese,GP,M,15,2,0,0,100.0,16,16,16,16.0,pass,0,Low Risk,no,yes,yes,yes,5,4,1,1,1
STU_70B7BD1FDDDD,Portuguese,GP,F,15,4,0,10,89.25,10,10,10,10.0,pass,2,Low Risk,yes,no,yes,no,4,3,1,1,4
STU_16A6941D4640,Portuguese,GP,F,15,4,0,4,95.7,10,10,10,10.0,pass,1,Low Risk,yes,yes,yes,yes,5,2,1,1,3
STU_1A4C964D7C6B,Portuguese,GP,M,16,3,0,4,95.7,13,14,14,13.67,pass,1,Low Risk,no,yes,yes,yes,5,3,1,1,5
STU_BB4A2CE9E1BA,Portuguese,GP,M,15,4,0,8,91.4,12,10,11,11.0,pass,1,Low Risk,no,yes,yes,yes,1,5,3,5,1
STU_13FE84279EDC,Portuguese,GP,F,16,3,0,2,97.85,15,15,14,14.67,pass,0,Low Risk,no,yes,yes,yes,5,5,1,1,4
STU_0D46E48EC691,Portuguese,GP,M,15,1,0,4,95.7,13,14,14,13.67,pass,1,Low Risk,no,no,yes,yes,5,3,1,1,4
STU_3462D14360DF,Portuguese,GP,F,16,3,0,4,95.7,11,11,11,11.0,pass,1,Low Risk,yes,yes,yes,yes,4,2,1,1,2
STU_5D4881C60967,Portuguese,GP,F,16,2,1,12,87.1,8,10,10,9.33,fail,4,Medium Risk,yes,no,yes,yes,3,2,1,1,5
STU_B4BACA31C796,Portuguese,GP,M,15,1,0,10,89.25,18,17,18,17.67,pass,1,Low Risk,no,no,yes,yes,3,2,1,1,3
STU_5E866787FFD3,Portuguese,GP,M,15,2,0,4,95.7,10,9,10,9.67,fail,2,Low Risk,no,no,yes,yes,5,2,1,1,5
STU_753F1EDDECCA,Portuguese,GP,M,16,2,0,6,93.55,16,14,14,14.67,pass,0,Low Risk,no,yes,yes,yes,5,4,1,2,5
STU_9B467EF308FB,Portuguese,GP,M,15,2,0,4,95.7,16,15,16,15.67,pass,0,Low Risk,no,yes,yes,no,4,3,1,1,2
STU_1BE78AE9AFE6,Portuguese,GP,M,16,1,0,6,93.55,14,14,15,14.33,pass,0,Low Risk,no,no,yes,yes,5,2,1,1,5
STU_39CEAAB210E4,Portuguese,GP,M,17,2,1,14,84.95,12,11,11,11.33,pass,3,Medium Risk,no,yes,yes,yes,5,4,1,4,5
STU_F3175E284103,Portuguese,GP,M,15,1,0,2,97.85,14,13,14,13.67,pass,1,Low Risk,no,no,yes,yes,3,3,1,2,4
STU_48FA8E08543D,Portuguese,GP,F,15,2,0,0,100.0,14,14,14,14.0,pass,0,Low Risk,no,no,yes,yes,3,3,1,2,1
STU_9F6D01214F8A,Portuguese,GP,M,15,4,0,6,93.55,14,13,13,13.33,pass,1,Low Risk,no,yes,yes,yes,5,4,1,2,5
STU_AAABF28438FA,Portuguese,GP,F,16,2,0,2,97.85,14,12,13,13.0,pass,1,Low Risk,no,yes,yes,yes,4,2,1,2,5
STU_E223B142A235,Portuguese,GP,M,16,1,0,4,95.7,12,13,13,12.67,pass,1,Low Risk,no,yes,yes,yes,3,4,1,4,5
STU_4E3232074E8C,Portuguese,GP,M,15,1,0,2,97.85,9,9,9,9.0,fail,2,Low Risk,yes,no,yes,yes,5,5,3,2,5
STU_634E0A694C3F,Portuguese,GP,F,15,2,0,0,100.0,10,11,11,10.67,pass,1,Low Risk,yes,no,yes,yes,5,2,1,1,1
STU_A5A6DDC8A456,Portuguese,GP,F,19,2,2,0,100.0,9,10,11,10.0,pass,3,Medium Risk,no,yes,no,no,3,2,1,1,5
STU_8C2F9412BF32,Portuguese,GP,M,16,1,0,8,91.4,14,14,15,14.33,pass,0,Low Risk,no,no,yes,yes,3,5,2,5,4
STU_56410B4D6772,Portuguese,GP,M,16,3,0,4,95.7,13,12,13,12.67,pass,1,Low Risk,no,yes,yes,yes,3,3,2,2,1
STU_F65531FB071E,Portuguese,GP,F,15,3,0,0,100.0,10,11,12,11.0,pass,1,Low Risk,no,yes,yes,yes,4,2,2,2,5
STU_C86C9E1D6DC1,Portuguese,GP,F,18,2,3,10,89.25,10,9,8,9.0,fail,5,High Risk,no,yes,no,yes,5,5,1,3,5
STU_BCDBFF8FE078,Portuguese,GP,F,17,1,0,8,91.4,11,10,11,10.67,pass,1,Low Risk,no,yes,yes,yes,3,2,1,2,5
STU_550EDD77CD86,Portuguese,GP,F,15,1,0,6,93.55,11,12,13,12.0,pass,1,Low Risk,no,yes,yes,yes,4,3,1,2,4
STU_A29530DE5AD8,Portuguese,GP,F,17,1,0,2,97.85,13,12,12,12.33,pass,1,Low Risk,no,yes,yes,yes,3,4,1,3,5
STU_87C7D098B9A6,Portuguese,GP,F,16,1,0,12,87.1,15,13,14,14.0,pass,1,Low Risk,no,no,yes,yes,3,1,1,4,5
STU_DE0CFA9C6147,Portuguese,GP,M,16,1,0,4,95.7,9,9,11,9.67,fail,2,Low Risk,no,no,yes,no,3,1,1,1,2
STU_2F5CA2E3E440,Portuguese,GP,F,16,1,1,12,87.1,13,11,11,11.67,pass,3,Medium Risk,no,no,yes,no,5,4,1,1,5
STU_235FAD32EA12,Portuguese,GP,M,15,2,0,2,97.85,12,11,11,11.33,pass,1,Low Risk,no,yes,yes,no,5,3,1,1,5
STU_730DF96610EE,Portuguese,GP,F,15,3,0,4,95.7,13,14,15,14.0,pass,0,Low Risk,no,yes,yes,yes,4,3,1,1,5
STU_58A479B27222,Portuguese,GP,M,17,2,0,2,97.85,10,9,10,9.67,fail,2,Low Risk,no,no,yes,no,5,5,2,4,5
STU_0521B5879A6C,Portuguese,GP,F,16,2,0,0,100.0,14,13,13,13.33,pass,1,Low Risk,no,yes,yes,no,5,3,1,1,3
STU_87BE852F975E,Portuguese,GP,M,18,1,0,2,97.85,11,11,12,11.33,pass,1,Low Risk,no,no,yes,yes,3,4,4,5,4
STU_E8560BF3BE46,Portuguese,GP,F,18,3,0,10,89.25,12,11,11,11.33,pass,2,Low Risk,no,yes,yes,yes,4,3,5,1,5
STU_0AF22C4EE742,Portuguese,GP,F,16,1,0,8,91.4,12,11,11,11.33,pass,1,Low Risk,no,yes,yes,no,3,3,1,2,1
STU_D16C42AB8B70,Portuguese,GP,F,16,1,0,4,95.7,9,9,10,9.33,fail,2,Low Risk,no,yes,yes,yes,4,2,1,1,5
STU_8C1B63176EB4,Portuguese,GP,M,16,2,2,0,100.0,10,10,10,10.0,pass,3,Medium Risk,no,no,yes,no,4,4,1,3,5
STU_B80104D5BBB7,Portuguese,GP,F,15,1,0,6,93.55,13,14,14,13.67,pass,1,Low Risk,no,no,yes,yes,4,2,1,1,5
STU_421C85A4FEE9,Portuguese,GP,F,15,1,1,2,97.85,8,9,9,8.67,fail,3,Medium Risk,no,no,yes,yes,5,5,1,1,1
STU_E652F028A191,Portuguese,GP,M,15,4,0,6,93.55,9,11,11,10.33,pass,1,Low Risk,yes,yes,yes,yes,2,2,1,1,3
STU_0182E1741243,Portuguese,GP,F,15,2,0,24,74.19,9,8,9,8.67,fail,4,Medium Risk,no,no,yes,no,1,2,2,3,1
STU_54C03F75726C,Portuguese,GP,M,16,3,0,0,100.0,15,13,13,13.67,pass,1,Low Risk,no,yes,yes,yes,5,3,1,3,5
STU_562B3A1E8672,Portuguese,GP,M,16,1,0,4,95.7,12,11,11,11.33,pass,1,Low Risk,no,yes,yes,yes,2,3,2,2,2
STU_F0016E85578C,Portuguese,GP,F,15,3,0,2,97.85,13,13,13,13.0,pass,1,Low Risk,no,yes,yes,yes,4,2,1,1,5
STU_C71570ECB508,Portuguese,GP,F,16,1,0,4,95.7,10,11,11,10.67,pass,1,Low Risk,no,no,yes,yes,3,4,3,3,1
STU_A5A220317FAB,Portuguese,GP,M,17,1,0,22,76.34,9,7,6,7.33,fail,3,Medium Risk,no,yes,yes,yes,5,5,1,2,5
STU_4FB1D780D2C8,Portuguese,GP,F,15,2,0,0,100.0,12,12,12,12.0,pass,1,Low Risk,no,yes,yes,yes,4,2,1,2,5
STU_556AD7D93858,Portuguese,GP,F,15,1,0,0,100.0,11,10,10,10.33,pass,1,Low Risk,no,yes,no,yes,4,2,1,1,5
STU_1E401EBF6126,Portuguese,GP,F,15,2,1,2,97.85,11,11,11,11.0,pass,2,Low Risk,no,yes,yes,yes,3,2,1,1,3
STU_38F434A97744,Portuguese,GP,F,15,2,0,6,93.55,13,12,13,12.67,pass,1,Low Risk,no,yes,yes,yes,4,2,1,1,5
STU_F028F0CF6BD1,Portuguese,GP,F,15,2,0,6,93.55,11,11,11,11.0,pass,1,Low Risk,no,no,yes,no,2,4,2,4,1
STU_8C639C8EF707,Portuguese,GP,M,16,1,0,16,82.8,9,9,8,8.67,fail,3,Medium Risk,no,yes,no,yes,3,2,2,1,5
STU_691B3428A452,Portuguese,GP,M,15,1,0,0,100.0,12,11,11,11.33,pass,1,Low Risk,no,no,yes,yes,4,5,2,5,5
STU_A3A03CCD4C70,Portuguese,GP,M,18,1,2,0,100.0,11,9,0,6.67,fail,4,Medium Risk,no,no,no,yes,2,5,2,5,4
STU_CC19F83909E8,Portuguese,GP,M,16,1,1,6,93.55,9,10,10,9.67,fail,3,Medium Risk,no,no,yes,no,4,4,3,5,5
STU_82C7343E9052,Portuguese,GP,F,15,3,0,2,97.85,13,13,13,13.0,pass,1,Low Risk,no,yes,yes,yes,4,1,2,3,3
STU_9C554B424271,Portuguese,GP,M,19,1,0,6,93.55,11,9,11,10.33,pass,1,Low Risk,no,yes,no,yes,4,4,1,1,4
STU_BB3D7A31F27E,Portuguese,GP,F,17,1,0,0,100.0,13,13,13,13.0,pass,1,Low Risk,yes,yes,yes,no,4,1,1,1,4
STU_E06428BF458D,Portuguese,GP,M,15,2,0,0,100.0,7,8,8,7.67,fail,2,Low Risk,yes,no,yes,no,4,4,1,1,1
STU_468948A3793B,Portuguese,GP,M,17,1,3,14,84.95,9,8,10,9.0,fail,5,High Risk,no,no,yes,no,2,2,3,3,5
STU_5AD219BBE2F7,Portuguese,GP,F,18,1,3,6,93.55,11,10,11,10.67,pass,3,Medium Risk,no,yes,yes,no,5,5,1,5,4
STU_7A7D0679AFF4,Portuguese,GP,M,16,1,0,4,95.7,12,10,11,11.0,pass,1,Low Risk,no,no,yes,no,4,2,1,2,3
STU_A3B626E470A9,Portuguese,GP,M,16,2,1,0,100.0,10,10,1,7.0,fail,3,Medium Risk,no,yes,yes,yes,4,5,4,4,5
STU_577134F14577,Portuguese,GP,M,16,1,2,0,100.0,9,8,10,9.0,fail,4,Medium Risk,no,no,yes,yes,4,5,3,5,5
STU_00AA16F47E6F,Portuguese,GP,M,17,1,1,8,91.4,8,8,9,8.33,fail,3,Medium Risk,no,no,no,yes,3,2,2,2,5
STU_36611E7CE10C,Portuguese,GP,M,17,2,2,4,95.7,7,6,8,7.0,fail,4,Medium Risk,yes,yes,yes,yes,4,4,1,4,3
STU_75CFC8584348,Portuguese,GP,M,15,1,0,2,97.85,8,9,10,9.0,fail,2,Low Risk,no,no,yes,no,4,4,2,4,5
STU_8DF6FDAE5FEE,Portuguese,GP,M,16,1,1,2,97.85,9,8,8,8.33,fail,3,Medium Risk,no,no,no,yes,5,3,1,4,2
STU_AF7307C151BA,Portuguese,GP,M,17,2,0,0,100.0,8,8,8,8.0,fail,2,Low Risk,no,no,no,no,5,5,1,5,5
STU_10ED261C5323,Portuguese,GP,M,17,1,3,10,89.25,8,7,8,7.67,fail,5,High Risk,no,yes,no,no,4,2,1,1,2
STU_1957D83BDF00,Portuguese,GP,M,16,2,0,0,100.0,9,10,11,10.0,pass,1,Low Risk,no,no,no,yes,4,5,2,4,4
STU_04D44FD312C6,Portuguese,GP,F,16,2,0,0,100.0,17,17,18,17.33,pass,0,Low Risk,no,no,yes,yes,4,3,1,1,3
STU_ECB38FA22962,Portuguese,GP,F,16,2,0,0,100.0,16,16,17,16.33,pass,0,Low Risk,no,yes,yes,yes,4,2,1,1,3
STU_2D114CF9D887,Portuguese,GP,M,16,1,1,4,95.7,9,9,10,9.33,fail,3,Medium Risk,no,yes,yes,yes,3,5,2,4,2
STU_1F8E7E9C1A3C,Portuguese,GP,M,16,2,0,0,100.0,16,17,18,17.0,pass,0,Low Risk,no,yes,yes,yes,4,2,1,1,3
STU_CD91DAFE11CA,Portuguese,GP,M,17,2,0,0,100.0,11,9,10,10.0,pass,1,Low Risk,no,yes,yes,yes,4,4,1,3,5
STU_AF5892BD350D,Portuguese,GP,F,16,2,0,0,100.0,14,13,13,13.33,pass,1,Low Risk,no,no,yes,yes,4,5,1,1,3
STU_1BE26E775108,Portuguese,GP,F,16,2,0,0,100.0,14,14,15,14.33,pass,0,Low Risk,no,yes,yes,yes,4,5,1,1,4
STU_4A59048312DB,Portuguese,GP,M,17,2,0,0,100.0,10,11,11,10.67,pass,1,Low Risk,no,no,yes,yes,4,4,4,4,4
STU_F47C5AE8674E,Portuguese,GP,F,16,2,0,0,100.0,13,12,14,13.0,pass,1,Low Risk,no,no,yes,yes,3,4,1,4,5
STU_AF6C77D899B4,Portuguese,GP,M,17,2,0,4,95.7,11,9,10,10.0,pass,1,Low Risk,no,no,yes,yes,4,4,1,4,4
STU_CD8DDC6DFA1A,Portuguese,GP,M,16,1,0,8,91.4,10,9,11,10.0,pass,1,Low Risk,no,yes,yes,yes,4,3,3,4,3
STU_8142DF5196A0,Portuguese,GP,M,17,2,0,4,95.7,11,11,13,11.67,pass,1,Low Risk,no,yes,yes,yes,5,3,1,1,2
STU_5EC517E62587,Portuguese,GP,M,16,2,0,4,95.7,11,10,11,10.67,pass,1,Low Risk,no,yes,yes,yes,3,3,2,3,3
STU_57C15BE786D2,Portuguese,GP,M,16,2,0,0,100.0,11,12,13,12.0,pass,1,Low Risk,no,no,yes,yes,4,3,1,2,3
STU_48A3F5E410C2,Portuguese,GP,F,17,2,0,0,100.0,17,18,17,17.33,pass,0,Low Risk,no,yes,yes,no,5,2,2,3,5
STU_426452B091C9,Portuguese,GP,F,17,2,0,32,65.59,14,13,14,13.67,pass,3,Medium Risk,no,yes,yes,yes,5,3,2,3,1
STU_5F483EB7D21B,Portuguese,GP,F,16,2,0,8,91.4,14,15,16,15.0,pass,0,Low Risk,no,yes,yes,yes,1,2,1,2,1
STU_F0C0308DC5F1,Portuguese,GP,M,17,2,0,6,93.55,11,13,14,12.67,pass,1,Low Risk,no,yes,yes,yes,4,4,2,3,4
STU_A3CE85904000,Portuguese,GP,M,16,1,0,0,100.0,10,9,11,10.0,pass,1,Low Risk,no,yes,yes,yes,3,3,1,2,3
STU_505D28F1FF6A,Portuguese,GP,M,16,2,0,0,100.0,13,14,16,14.33,pass,0,Low Risk,no,no,yes,yes,4,3,1,2,5
STU_B6D10F596C29,Portuguese,GP,F,17,2,0,10,89.25,12,13,14,13.0,pass,2,Low Risk,no,yes,yes,yes,3,3,1,3,3
STU_AFD00A975B6D,Portuguese,GP,M,17,2,0,6,93.55,9,9,10,9.33,fail,2,Low Risk,no,no,yes,no,3,3,1,5,3
STU_19CBBAAC85DB,Portuguese,GP,F,16,2,0,6,93.55,12,12,13,12.33,pass,1,Low Risk,no,no,yes,yes,4,3,1,1,2
STU_F3B990657E90,Portuguese,GP,F,17,2,0,0,100.0,12,11,12,11.67,pass,1,Low Risk,no,no,yes,yes,5,3,1,1,3
STU_7FDD363F06E2,Portuguese,GP,M,17,2,0,16,82.8,10,11,12,11.0,pass,2,Low Risk,no,no,yes,yes,4,4,4,5,5
STU_E2518AC31382,Portuguese,GP,M,16,1,0,0,100.0,11,10,10,10.33,pass,1,Low Risk,no,yes,yes,yes,4,2,3,4,5
STU_EDDFB718E3A0,Portuguese,GP,M,16,1,0,0,100.0,13,12,12,12.33,pass,1,Low Risk,no,no,yes,yes,5,3,1,1,3
STU_B6F46DC22734,Portuguese,GP,F,17,2,0,8,91.4,14,15,16,15.0,pass,0,Low Risk,no,no,yes,yes,4,2,1,1,5
STU_69500DF3230B,Portuguese,GP,M,17,1,0,4,95.7,13,13,14,13.33,pass,1,Low Risk,no,no,yes,yes,5,3,1,2,5
STU_F6CB26D14A06,Portuguese,GP,M,16,1,0,16,82.8,10,11,12,11.0,pass,2,Low Risk,no,yes,yes,yes,3,4,3,5,3
STU_885702D6E194,Portuguese,GP,F,17,1,1,30,67.74,14,15,16,15.0,pass,3,Medium Risk,no,yes,yes,yes,4,4,2,3,2
STU_766493B4F2D2,Portuguese,GP,F,16,2,0,0,100.0,11,10,11,10.67,pass,1,Low Risk,no,yes,yes,yes,4,2,1,2,3
STU_C129523A34FD,Portuguese,GP,F,16,2,0,2,97.85,14,14,15,14.33,pass,0,Low Risk,no,yes,yes,yes,4,5,1,5,2
STU_4386D5A6DBD3,Portuguese,GP,F,16,2,0,4,95.7,11,12,12,11.67,pass,1,Low Risk,yes,yes,yes,no,4,3,1,3,4
STU_1B771F3D49D4,Portuguese,GP,F,17,2,0,0,100.0,14,15,15,14.67,pass,0,Low Risk,no,yes,yes,no,4,4,1,3,1
STU_CFD182DE6039,Portuguese,GP,F,17,1,0,21,77.42,13,13,13,13.0,pass,2,Low Risk,no,yes,yes,yes,5,2,1,2,3
STU_FCEF1530B821,Portuguese,GP,F,16,4,0,6,93.55,13,13,13,13.0,pass,1,Low Risk,no,yes,yes,yes,5,5,1,1,5
STU_82C662E00A8C,Portuguese,GP,F,17,3,1,14,84.95,8,9,8,8.33,fail,4,Medium Risk,no,yes,yes,yes,4,3,3,4,5
STU_631571441AE0,Portuguese,GP,F,16,2,0,2,97.85,11,11,12,11.33,pass,1,Low Risk,no,yes,yes,yes,2,3,2,2,4
STU_7E14CE41F9E3,Portuguese,GP,F,16,2,0,4,95.7,14,15,15,14.67,pass,0,Low Risk,no,no,yes,yes,1,2,1,1,1
STU_160CBF83D118,Portuguese,GP,F,16,1,0,2,97.85,12,13,13,12.67,pass,1,Low Risk,no,yes,yes,no,4,2,1,4,5
STU_DE0D541CFC5C,Portuguese,GP,F,17,3,0,0,100.0,11,12,12,11.67,pass,1,Low Risk,no,yes,yes,yes,4,2,1,1,4
STU_7D504EE44216,Portuguese,GP,F,19,4,0,4,95.7,12,12,12,12.0,pass,1,Low Risk,no,yes,yes,yes,4,3,1,2,3
STU_DA52878C12EB,Portuguese,GP,M,17,2,0,15,83.87,13,12,12,12.33,pass,2,Low Risk,no,yes,yes,yes,5,5,4,5,3
STU_6B798DD83A3F,Portuguese,GP,F,16,2,0,0,100.0,13,13,13,13.0,pass,1,Low Risk,yes,yes,yes,yes,3,4,1,1,4
STU_43D3727BE2EA,Portuguese,GP,M,18,2,0,10,89.25,12,11,11,11.33,pass,2,Low Risk,no,yes,yes,yes,4,4,2,4,5
STU_69FB13878266,Portuguese,GP,F,17,1,0,6,93.55,12,11,11,11.33,pass,1,Low Risk,no,yes,yes,no,5,1,1,2,3
STU_0AA09DA55FCA,Portuguese,GP,F,17,2,0,2,97.85,14,16,15,15.0,pass,0,Low Risk,no,no,yes,yes,4,4,1,3,1
STU_490B7A37F514,Portuguese,GP,F,17,2,0,16,82.8,11,9,10,10.0,pass,2,Low Risk,no,no,yes,yes,3,5,2,4,1
STU_0CEF4FDF9158,Portuguese,GP,M,18,2,0,10,89.25,10,10,10,10.0,pass,2,Low Risk,no,yes,yes,yes,3,4,2,4,4
STU_626ED272500D,Portuguese,GP,F,17,1,0,4,95.7,12,13,13,12.67,pass,1,Low Risk,no,yes,yes,no,3,3,1,4,3
STU_15C4279C964D,Portuguese,GP,F,17,3,0,0,100.0,12,12,13,12.33,pass,1,Low Risk,no,yes,yes,yes,4,3,1,1,4
STU_A603126788D6,Portuguese,GP,F,17,2,0,0,100.0,11,10,11,10.67,pass,1,Low Risk,no,yes,yes,yes,4,5,1,2,5
STU_C706720C2D85,Portuguese,GP,F,17,3,0,12,87.1,12,12,12,12.0,pass,2,Low Risk,no,yes,yes,no,4,4,1,1,5
STU_C5A171E776E7,Portuguese,GP,F,16,2,0,0,100.0,13,13,14,13.33,pass,1,Low Risk,yes,no,yes,yes,2,1,1,1,3
STU_82137FFBCE06,Portuguese,GP,M,18,2,3,9,90.32,10,9,10,9.67,fail,4,Medium Risk,no,yes,yes,yes,3,3,5,5,4
STU_EA81CE2D299D,Portuguese,GP,F,16,3,0,4,95.7,15,16,16,15.67,pass,0,Low Risk,no,yes,yes,yes,5,2,1,1,5
STU_1CD4BCFB4731,Portuguese,GP,F,18,2,0,4,95.7,8,8,8,8.0,fail,2,Low Risk,no,no,yes,yes,5,3,1,1,4
STU_2261CE7A9C17,Portuguese,GP,F,17,2,0,2,97.85,17,18,17,17.33,pass,0,Low Risk,no,no,yes,yes,5,4,1,3,3
STU_4ECE3BD75E4D,Portuguese,GP,M,17,2,0,0,100.0,10,11,11,10.67,pass,1,Low Risk,no,yes,yes,yes,5,3,1,3,3
STU_B941C70705E1,Portuguese,GP,M,18,2,0,2,97.85,9,10,11,10.0,pass,1,Low Risk,yes,yes,yes,yes,4,2,4,5,3
STU_E9A0F161DFA2,Portuguese,GP,F,17,3,0,0,100.0,15,15,16,15.33,pass,0,Low Risk,no,no,yes,yes,3,3,1,2,3
STU_845482920D6A,Portuguese,GP,F,17,2,0,0,100.0,14,12,12,12.67,pass,1,Low Risk,no,no,yes,yes,3,3,1,2,3
STU_0733497FEC31,Portuguese,GP,M,17,2,0,0,100.0,12,13,13,12.67,pass,1,Low Risk,no,yes,yes,yes,4,2,1,1,1
STU_CE0BE76D3CBD,Portuguese,GP,M,17,2,0,0,100.0,13,13,13,13.0,pass,1,Low Risk,yes,yes,yes,yes,4,5,1,3,2
STU_040C9C3D5B94,Portuguese,GP,M,16,2,0,0,100.0,13,13,14,13.33,pass,1,Low Risk,no,yes,yes,yes,4,4,2,4,1
STU_3161628FBE34,Portuguese,GP,M,16,2,0,2,97.85,9,9,9,9.0,fail,2,Low Risk,no,yes,yes,yes,3,2,1,1,5
STU_DE493EEBAB82,Portuguese,GP,M,16,3,0,0,100.0,12,12,12,12.0,pass,1,Low Risk,no,no,yes,yes,5,3,1,3,2
STU_B224A43A29FB,Portuguese,GP,M,17,2,0,0,100.0,16,16,16,16.0,pass,0,Low Risk,no,no,yes,yes,4,2,5,5,4
STU_E5BBE065BE82,Portuguese,GP,F,16,1,0,4,95.7,9,10,10,9.67,fail,2,Low Risk,no,no,yes,yes,4,2,1,1,5
STU_29016B79BF77,Portuguese,GP,F,16,2,0,0,100.0,14,13,13,13.33,pass,1,Low Risk,no,no,yes,yes,5,3,1,2,5
STU_1AED1F658690,Portuguese,GP,F,18,2,1,18,80.65,10,10,10,10.0,pass,3,Medium Risk,no,yes,yes,yes,4,3,1,1,3
STU_AB9673560B1D,Portuguese,GP,F,18,2,1,16,82.8,9,8,10,9.0,fail,4,Medium Risk,no,yes,yes,yes,5,1,1,1,5
STU_3D72EB91D208,Portuguese,GP,F,18,1,1,14,84.95,8,7,7,7.33,fail,4,Medium Risk,no,no,no,yes,4,1,1,1,3
STU_956C5BC5B048,Portuguese,GP,M,18,1,1,26,72.04,7,8,8,7.67,fail,5,High Risk,no,yes,no,yes,4,3,2,2,1
STU_5F65713D6A44,Portuguese,GP,M,17,1,0,6,93.55,10,8,9,9.0,fail,2,Low Risk,no,yes,yes,yes,4,1,1,2,5
STU_2BFFB326B66D,Portuguese,GP,F,17,2,0,4,95.7,14,14,15,14.33,pass,0,Low Risk,no,no,yes,no,5,2,1,1,3
STU_7FC585BDE8D3,Portuguese,GP,F,17,3,0,10,89.25,11,10,10,10.33,pass,2,Low Risk,no,yes,yes,yes,4,2,1,2,4
STU_CAF1512783FE,Portuguese,GP,F,16,1,0,4,95.7,12,11,11,11.33,pass,1,Low Risk,no,no,no,yes,5,5,1,2,5
STU_DDA716A17FEB,Portuguese,GP,F,17,2,0,2,97.85,13,13,13,13.0,pass,1,Low Risk,no,no,yes,no,2,1,1,1,3
STU_65464A08B73E,Portuguese,GP,F,17,1,1,14,84.95,9,9,8,8.67,fail,4,Medium Risk,no,yes,yes,yes,5,4,1,1,5
STU_5851386CB13F,Portuguese,GP,M,18,2,0,16,82.8,8,7,8,7.67,fail,3,Medium Risk,no,no,no,yes,5,4,3,5,2
STU_9E22E9924ED1,Portuguese,GP,F,17,1,1,8,91.4,11,9,10,10.0,pass,2,Low Risk,no,yes,no,yes,3,2,1,1,1
STU_A9DEA2B85A50,Portuguese,GP,F,17,3,0,4,95.7,15,14,15,14.67,pass,0,Low Risk,no,no,yes,yes,4,3,1,3,5
STU_F4F8F123C536,Portuguese,GP,F,17,2,0,4,95.7,15,14,14,14.33,pass,0,Low Risk,no,yes,yes,no,4,2,1,1,4
STU_00E693737184,Portuguese,GP,M,17,2,0,8,91.4,15,15,15,15.0,pass,0,Low Risk,no,no,yes,yes,2,5,1,4,5
STU_0F4B92B6F200,Portuguese,GP,M,17,2,0,0,100.0,12,12,12,12.0,pass,1,Low Risk,no,yes,yes,yes,3,3,2,3,4
STU_1986EC206444,Portuguese,GP,M,16,1,0,7,92.47,14,14,15,14.33,pass,0,Low Risk,no,no,yes,yes,5,5,1,1,3
STU_E56BE6AD247C,Portuguese,GP,M,16,1,0,4,95.7,14,15,15,14.67,pass,0,Low Risk,no,no,yes,yes,5,2,1,2,5
STU_16454660AAC8,Portuguese,GP,F,17,2,0,2,97.85,11,11,12,11.33,pass,1,Low Risk,no,yes,yes,yes,5,1,1,4,5
STU_D8AECD5D3D47,Portuguese,GP,M,17,3,0,2,97.85,13,14,15,14.0,pass,0,Low Risk,no,no,yes,yes,4,3,1,1,1
STU_2F7F436F0D7D,Portuguese,GP,F,17,3,0,10,89.25,11,11,11,11.0,pass,2,Low Risk,no,yes,yes,yes,4,2,2,3,5
STU_CE3BF5560836,Portuguese,GP,F,17,2,0,10,89.25,10,9,10,9.67,fail,3,Medium Risk,yes,no,yes,no,4,2,1,1,4
STU_B278A5884D62,Portuguese,GP,F,18,3,0,10,89.25,12,10,11,11.0,pass,2,Low Risk,no,yes,yes,yes,4,4,1,1,3
STU_283B0371EFC0,Portuguese,GP,M,16,1,0,7,92.47,15,16,16,15.67,pass,0,Low Risk,no,no,yes,yes,4,3,1,1,4
STU_5A0E7FF915C5,Portuguese,GP,F,17,2,0,4,95.7,11,10,11,10.67,pass,1,Low Risk,no,yes,yes,no,4,4,1,2,5
STU_835867A63F4E,Portuguese,GP,M,17,1,0,2,97.85,9,12,13,11.33,pass,1,Low Risk,no,no,yes,yes,5,2,1,1,2
STU_32B6CE6B8F1F,Portuguese,GP,M,22,1,3,12,87.1,7,8,5,6.67,fail,5,High Risk,no,no,no,yes,5,5,5,5,1
STU_D0AF8C290D2D,Portuguese,GP,M,18,2,0,8,91.4,10,9,10,9.67,fail,2,Low Risk,no,yes,yes,yes,4,3,1,3,5
STU_D8FD63CFA26A,Portuguese,GP,M,16,1,0,0,100.0,11,12,11,11.33,pass,1,Low Risk,no,no,yes,yes,4,2,2,4,5
STU_C75B6B282E50,Portuguese,GP,M,18,1,0,8,91.4,7,8,7,7.33,fail,2,Low Risk,no,no,no,yes,4,5,2,4,5
STU_E50DCED90400,Portuguese,GP,M,16,2,1,4,95.7,9,11,10,10.0,pass,2,Low Risk,yes,yes,yes,yes,5,3,1,3,2
STU_D219B66A3640,Portuguese,GP,M,18,1,2,4,95.7,7,8,6,7.0,fail,4,Medium Risk,no,no,no,yes,3,5,2,5,5
STU_FE3ABAD17ED6,Portuguese,GP,M,16,1,0,2,97.85,14,13,12,13.0,pass,1,Low Risk,no,no,yes,no,3,2,1,3,3
STU_BF35E25ABF4F,Portuguese,GP,M,17,1,0,0,100.0,12,12,13,12.33,pass,1,Low Risk,no,no,yes,yes,4,2,2,4,5
STU_DBC3DFBA352B,Portuguese,GP,M,17,1,1,0,100.0,9,10,10,9.67,fail,3,Medium Risk,no,yes,yes,yes,4,4,1,2,5
STU_146356E70A09,Portuguese,GP,F,18,2,0,2,97.85,12,12,13,12.33,pass,1,Low Risk,no,yes,yes,yes,4,4,1,3,5
STU_6C681F9DB787,Portuguese,GP,F,17,4,0,2,97.85,14,15,17,15.33,pass,0,Low Risk,no,yes,yes,yes,4,3,1,1,4
STU_B31D93E19919,Portuguese,GP,F,19,2,0,0,100.0,10,10,11,10.33,pass,1,Low Risk,no,yes,yes,yes,4,3,1,1,5
STU_72ADA2779785,Portuguese,GP,M,18,2,1,4,95.7,11,10,11,10.67,pass,2,Low Risk,no,no,no,yes,4,5,4,4,5
STU_25282FE6D229,Portuguese,GP,F,17,3,0,2,97.85,11,12,14,12.33,pass,1,Low Risk,no,yes,yes,yes,4,4,1,3,5
STU_D9876F27C2A2,Portuguese,GP,F,18,3,0,4,95.7,11,12,14,12.33,pass,1,Low Risk,no,yes,yes,no,4,3,2,3,3
STU_738804C643F7,Portuguese,GP,F,18,2,0,4,95.7,11,11,13,11.67,pass,1,Low Risk,yes,no,yes,no,3,3,1,1,5
STU_FD9F7C75BB9C,Portuguese,GP,M,19,2,0,4,95.7,11,13,14,12.67,pass,1,Low Risk,no,yes,yes,yes,4,1,1,1,1
STU_C3FB9BAADB19,Portuguese,GP,M,18,2,0,2,97.85,16,16,16,16.0,pass,0,Low Risk,no,no,yes,yes,5,4,1,2,4
STU_BD7EC9C59AB4,Portuguese,GP,M,17,1,0,0,100.0,9,10,10,9.67,fail,2,Low Risk,no,no,no,no,5,2,1,1,4
STU_453D05D21223,Portuguese,GP,F,17,4,0,2,97.85,10,11,12,11.0,pass,1,Low Risk,no,no,yes,yes,3,1,1,1,2
STU_F8C1BD0E0BE5,Portuguese,GP,F,20,2,0,8,91.4,10,12,12,11.33,pass,1,Low Risk,no,yes,no,yes,1,3,1,2,2
STU_76DAFB86F005,Portuguese,GP,F,18,2,0,2,97.85,15,15,15,15.0,pass,0,Low Risk,no,yes,yes,yes,3,2,1,3,2
STU_AF945B2F927E,Portuguese,GP,M,18,2,0,2,97.85,10,10,11,10.33,pass,1,Low Risk,no,yes,yes,yes,4,2,1,1,3
STU_AD26B0134995,Portuguese,GP,M,18,3,0,2,97.85,10,11,12,11.0,pass,1,Low Risk,no,no,yes,no,5,2,1,1,3
STU_6D027B98F35E,Portuguese,GP,F,17,3,0,2,97.85,15,12,13,13.33,pass,1,Low Risk,no,no,yes,no,3,3,1,1,4
STU_FE7847399EEA,Portuguese,GP,F,18,3,0,0,100.0,11,12,13,12.0,pass,1,Low Risk,no,yes,yes,yes,4,3,1,1,3
STU_7BD89EE2446B,Portuguese,GP,M,17,1,0,8,91.4,8,8,9,8.33,fail,2,Low Risk,no,no,no,yes,4,4,2,3,4
STU_31689E73F08F,Portuguese,GP,M,18,2,0,6,93.55,15,16,16,15.67,pass,0,Low Risk,no,yes,yes,yes,4,5,3,4,1
STU_09DB15C50DA1,Portuguese,GP,M,17,2,0,0,100.0,11,11,14,12.0,pass,1,Low Risk,no,no,yes,yes,5,4,3,4,5
STU_D5E390FE86C5,Portuguese,GP,F,18,2,0,8,91.4,10,11,12,11.0,pass,1,Low Risk,no,no,yes,yes,4,4,2,2,4
STU_9245139BB85C,Portuguese,GP,M,18,2,0,4,95.7,10,12,14,12.0,pass,1,Low Risk,no,yes,yes,yes,5,5,1,3,5
STU_7D2FC31C457C,Portuguese,GP,F,18,2,0,12,87.1,8,9,10,9.0,fail,3,Medium Risk,no,yes,no,yes,4,5,1,2,3
STU_B5B380348025,Portuguese,GP,F,19,2,0,16,82.8,11,12,12,11.67,pass,2,Low Risk,no,yes,yes,yes,4,5,3,3,5
STU_5C331FBD150F,Portuguese,GP,F,18,4,0,10,89.25,16,16,16,16.0,pass,1,Low Risk,no,yes,yes,yes,4,5,1,3,2
STU_4D9EADD9B6BD,Portuguese,GP,F,18,2,0,2,97.85,13,13,13,13.0,pass,1,Low Risk,no,yes,yes,no,4,3,1,1,3
STU_67485E941D81,Portuguese,GP,M,17,2,0,2,97.85,16,17,18,17.0,pass,0,Low Risk,no,yes,yes,no,3,2,2,2,1
STU_1FCDD8C7D93D,Portuguese,GP,F,18,2,0,8,91.4,14,14,15,14.33,pass,0,Low Risk,no,yes,yes,yes,4,5,1,2,1
STU_46574B0C9F38,Portuguese,GP,F,17,2,0,6,93.55,15,16,16,15.67,pass,0,Low Risk,no,yes,yes,yes,4,3,1,1,1
STU_616ECDDC5E3D,Portuguese,GP,F,17,2,0,6,93.55,12,12,12,12.0,pass,1,Low Risk,yes,yes,yes,yes,4,4,2,3,5
STU_751182F33235,Portuguese,GP,F,18,2,0,15,83.87,12,9,10,10.33,pass,2,Low Risk,no,no,no,yes,4,1,1,1,5
STU_8DE96E545A54,Portuguese,GP,M,18,1,0,6,93.55,11,12,12,11.67,pass,1,Low Risk,no,no,yes,yes,3,4,1,4,3
STU_5EDD4A558551,Portuguese,GP,F,18,2,1,2,97.85,14,12,13,13.0,pass,2,Low Risk,yes,yes,yes,yes,2,4,1,1,4
STU_C3C0F592AFDB,Portuguese,GP,F,17,3,0,8,91.4,13,15,15,14.33,pass,0,Low Risk,no,yes,yes,yes,4,3,1,1,1
STU_D35877F016C4,Portuguese,GP,F,19,2,1,0,100.0,9,8,10,9.0,fail,3,Medium Risk,yes,yes,no,yes,3,3,4,3,3
STU_AEFE492D46D3,Portuguese,GP,M,18,1,0,0,100.0,10,10,10,10.0,pass,1,Low Risk,no,no,yes,yes,4,3,1,2,1
STU_2BBBDF89B6EF,Portuguese,GP,M,18,1,0,10,89.25,10,10,11,10.33,pass,2,Low Risk,no,no,no,yes,3,4,2,4,4
STU_66F92509476F,Portuguese,GP,M,17,1,0,22,76.34,11,11,10,10.67,pass,2,Low Risk,no,no,yes,yes,4,4,2,4,5
STU_5EA6DDA3FB2C,Portuguese,GP,M,17,1,0,18,80.65,13,13,13,13.0,pass,2,Low Risk,no,no,yes,yes,4,4,3,4,3
STU_84FD49B1DF3F,Portuguese,GP,F,18,4,0,2,97.85,17,17,18,17.33,pass,0,Low Risk,no,yes,yes,no,5,2,1,1,3
STU_EC6C075B5625,Portuguese,GP,F,18,2,0,0,100.0,12,13,13,12.67,pass,1,Low Risk,yes,no,yes,yes,5,4,1,1,4
STU_977791BE240F,Portuguese,GP,F,18,2,0,10,89.25,12,13,14,13.0,pass,2,Low Risk,no,no,yes,yes,4,1,1,1,5
STU_F17B84F40248,Portuguese,GP,M,17,2,0,0,100.0,12,12,12,12.0,pass,1,Low Risk,no,no,yes,yes,4,3,1,2,4
STU_BC2A0F25E543,Portuguese,GP,F,18,3,0,0,100.0,18,18,18,18.0,pass,0,Low Risk,no,yes,yes,yes,4,3,1,2,2
STU_2CC2C84A338D,Portuguese,GP,F,17,3,0,0,100.0,13,13,14,13.33,pass,1,Low Risk,no,yes,yes,yes,4,3,1,1,3
STU_13463D5E9A35,Portuguese,GP,M,18,3,0,0,100.0,14,15,15,14.67,pass,0,Low Risk,no,no,yes,yes,4,4,1,3,2
STU_C23EBA6E9FBB,Portuguese,GP,M,18,2,0,0,100.0,17,17,17,17.0,pass,0,Low Risk,no,yes,yes,yes,5,3,1,1,2
STU_39CBA06FBFE6,Portuguese,GP,M,18,2,0,2,97.85,15,16,16,15.67,pass,0,Low Risk,no,yes,yes,yes,4,2,1,4,5
STU_F8F81DDEE598,Portuguese,GP,F,17,3,0,0,100.0,17,18,18,17.67,pass,0,Low Risk,no,yes,yes,yes,4,2,1,2,3
STU_674339000322,Portuguese,GP,F,17,4,0,0,100.0,18,19,19,18.67,pass,0,Low Risk,no,yes,yes,no,3,2,1,1,3
STU_8C6E2BCC1680,Portuguese,GP,M,18,3,0,0,100.0,14,15,15,14.67,pass,0,Low Risk,no,yes,yes,yes,5,2,1,1,4
STU_0A9685326E3D,Portuguese,GP,M,17,1,0,0,100.0,14,15,15,14.67,pass,0,Low Risk,no,yes,yes,yes,4,3,1,3,5
STU_EBB823CEB401,Portuguese,GP,F,19,2,0,2,97.85,14,13,13,13.33,pass,1,Low Risk,no,yes,yes,yes,2,4,2,3,2
STU_8D2DEAE88975,Portuguese,GP,F,18,2,0,0,100.0,13,14,14,13.67,pass,1,Low Risk,no,yes,yes,yes,4,5,1,2,2
STU_533A8BABF42B,Portuguese,GP,F,18,4,0,0,100.0,16,17,17,16.67,pass,0,Low Risk,no,yes,yes,yes,4,3,1,1,3
STU_D377D6F5B64D,Portuguese,GP,M,18,1,0,0,100.0,18,18,17,17.67,pass,0,Low Risk,no,yes,yes,yes,1,2,2,2,1
STU_6E378AAE0F5E,Portuguese,GP,F,18,2,0,0,100.0,14,15,15,14.67,pass,0,Low Risk,no,yes,yes,yes,4,4,1,1,4
STU_509B56F55B48,Portuguese,GP,M,17,1,0,0,100.0,12,13,13,12.67,pass,1,Low Risk,no,no,yes,yes,4,1,2,2,5
STU_FCBD060049DC,Portuguese,GP,F,17,3,0,0,100.0,7,7,8,7.33,fail,2,Low Risk,no,yes,yes,yes,5,4,1,1,5
STU_BCCE202B1AAC,Portuguese,GP,F,17,3,0,0,100.0,16,16,16,16.0,pass,0,Low Risk,no,yes,yes,yes,4,3,1,1,3
STU_48CB26839EA8,Portuguese,GP,F,17,4,0,0,100.0,18,18,18,18.0,pass,0,Low Risk,no,yes,yes,yes,5,2,1,2,5
STU_11C743595E6A,Portuguese,GP,M,19,3,1,0,100.0,9,10,11,10.0,pass,2,Low Risk,no,no,yes,yes,4,1,1,1,5
STU_464D5ABC2C89,Portuguese,GP,M,20,1,2,0,100.0,14,15,15,14.67,pass,2,Low Risk,no,no,yes,no,5,3,1,1,5
STU_6062175D4CBC,Portuguese,GP,M,19,2,0,0,100.0,10,10,11,10.33,pass,1,Low Risk,no,no,yes,no,4,3,1,2,5
STU_B4CD39038B4D,Portuguese,GP,F,18,2,0,2,97.85,10,10,11,10.33,pass,1,Low Risk,yes,yes,yes,no,3,4,1,2,5
STU_8DDA3D940D02,Portuguese,GP,F,18,2,0,2,97.85,12,12,15,13.0,pass,1,Low Risk,no,yes,yes,yes,5,3,1,2,1
STU_B25EB10026C5,Portuguese,GP,F,17,2,0,2,97.85,11,12,14,12.33,pass,1,Low Risk,no,no,yes,yes,4,1,1,1,3
STU_C264DC9B8135,Portuguese,GP,F,17,1,0,2,97.85,15,16,17,16.0,pass,0,Low Risk,no,no,yes,yes,4,4,1,1,5
STU_35EAE1623B15,Portuguese,GP,F,18,3,0,2,97.85,14,15,17,15.33,pass,0,Low Risk,no,yes,yes,yes,4,4,1,1,5
STU_A3B5B743E8AC,Portuguese,GP,F,18,1,0,8,91.4,12,12,15,13.0,pass,1,Low Risk,no,yes,yes,yes,3,4,1,4,1
STU_57D5152210E4,Portuguese,GP,F,17,3,0,2,97.85,15,15,17,15.67,pass,0,Low Risk,no,yes,yes,yes,4,4,2,5,5
STU_14CF6CF6EFA4,Portuguese,GP,F,18,2,0,8,91.4,11,12,14,12.33,pass,1,Low Risk,no,yes,yes,yes,4,4,1,1,3
STU_045A6631983D,Portuguese,GP,M,19,2,0,9,90.32,11,10,10,10.33,pass,1,Low Risk,no,yes,yes,yes,5,4,1,1,1
STU_F90CCB0CDF59,Portuguese,GP,F,18,2,0,0,100.0,12,11,13,12.0,pass,1,Low Risk,no,yes,yes,yes,4,4,3,3,5
STU_D4ABE6DF1DB6,Portuguese,GP,F,18,1,0,4,95.7,11,12,14,12.33,pass,1,Low Risk,no,yes,yes,yes,5,4,1,1,1
STU_86857C86C5B2,Portuguese,GP,F,17,1,0,2,97.85,14,15,17,15.33,pass,0,Low Risk,no,no,yes,yes,5,4,1,2,5
STU_CE7017AA9F73,Portuguese,GP,F,17,2,0,14,84.95,15,14,17,15.33,pass,1,Low Risk,no,yes,yes,yes,5,2,1,2,5
STU_11A5691DBE4E,Portuguese,GP,F,17,2,0,0,100.0,12,12,13,12.33,pass,1,Low Risk,yes,yes,yes,yes,5,3,1,1,5
STU_5CC83AB6BCE0,Portuguese,GP,F,17,2,0,2,97.85,11,12,14,12.33,pass,1,Low Risk,no,no,yes,yes,4,3,2,2,2
STU_092E4721E4CA,Portuguese,GP,M,18,1,0,2,97.85,8,9,11,9.33,fail,2,Low Risk,no,yes,yes,yes,4,5,3,4,5
STU_033873A9AD25,Portuguese,GP,F,19,3,0,12,87.1,10,10,11,10.33,pass,2,Low Risk,no,no,no,no,1,5,4,3,5
STU_F035792F697F,Portuguese,GP,F,19,2,2,2,97.85,8,8,9,8.33,fail,4,Medium Risk,no,yes,yes,yes,5,4,1,1,4
STU_BCDE4CE85CB3,Portuguese,GP,F,18,1,0,2,97.85,10,10,10,10.0,pass,1,Low Risk,no,yes,yes,yes,4,5,2,4,5
STU_EF4A82487951,Portuguese,GP,F,17,3,0,0,100.0,11,11,10,10.67,pass,1,Low Risk,no,yes,yes,yes,3,2,2,2,3
STU_15CAC1764582,Portuguese,GP,F,17,3,0,0,100.0,17,18,17,17.33,pass,0,Low Risk,no,yes,yes,yes,3,3,2,3,5
STU_013A6A31EBA8,Portuguese,GP,F,17,3,0,0,100.0,14,14,15,14.33,pass,0,Low Risk,no,no,yes,yes,3,3,2,3,2
STU_EFFF7FCFDF63,Portuguese,GP,F,18,3,0,0,100.0,14,14,14,14.0,pass,0,Low Risk,no,no,yes,yes,4,5,1,2,2
STU_13E7838FE3C4,Portuguese,GP,M,18,3,0,0,100.0,13,14,13,13.33,pass,1,Low Risk,no,no,yes,yes,4,3,2,2,3
STU_8566593E279E,Portuguese,GP,M,17,1,0,0,100.0,17,18,17,17.33,pass,0,Low Risk,no,no,yes,yes,4,5,3,5,5
STU_ABBAD389C43C,Portuguese,GP,M,17,1,0,2,97.85,11,10,10,10.33,pass,1,Low Risk,no,yes,yes,yes,4,5,5,5,4
STU_D9AAE7DB3706,Portuguese,GP,F,17,3,0,0,100.0,13,12,13,12.67,pass,1,Low Risk,no,yes,yes,yes,5,4,1,3,4
STU_5EFD95C44990,Portuguese,GP,F,17,3,0,4,95.7,15,14,15,14.67,pass,0,Low Risk,no,yes,yes,yes,4,3,1,2,4
STU_31047CF79935,Portuguese,GP,F,17,1,0,2,97.85,11,12,11,11.33,pass,1,Low Risk,no,yes,yes,yes,4,5,2,5,5
STU_88CC97F36D0C,Portuguese,GP,M,18,4,0,0,100.0,11,11,12,11.33,pass,1,Low Risk,no,yes,yes,yes,4,5,2,4,5
STU_4D44AEF96E68,Portuguese,GP,M,19,1,0,0,100.0,11,10,10,10.33,pass,1,Low Risk,no,yes,yes,no,5,4,2,2,5
STU_68A39B502B56,Portuguese,GP,F,18,2,0,2,97.85,10,9,10,9.67,fail,2,Low Risk,no,no,yes,no,4,5,1,1,2
STU_D4B565E91D17,Portuguese,GP,F,17,3,0,0,100.0,15,15,15,15.0,pass,0,Low Risk,no,yes,yes,yes,4,3,1,1,5
STU_8952F018431F,Portuguese,GP,M,18,1,0,6,93.55,15,14,15,14.67,pass,0,Low Risk,no,no,yes,yes,5,2,1,2,5
STU_613C24678387,Portuguese,GP,F,18,2,0,8,91.4,10,11,12,11.0,pass,1,Low Risk,no,no,yes,yes,5,4,1,1,4
STU_BF025D46DFBA,Portuguese,GP,F,18,2,0,0,100.0,10,9,12,10.33,pass,1,Low Risk,no,no,yes,yes,4,3,1,1,2
STU_54B9FD282BE2,Portuguese,GP,F,18,4,0,6,93.55,14,13,14,13.67,pass,1,Low Risk,no,no,yes,no,4,4,1,1,4
STU_9B960C0A50B9,Portuguese,GP,F,17,3,0,8,91.4,11,13,14,12.67,pass,1,Low Risk,no,no,yes,yes,4,5,1,3,5
STU_6B8D2B535E92,Portuguese,GP,F,17,2,0,0,100.0,12,13,15,13.33,pass,1,Low Risk,no,yes,yes,yes,4,2,2,3,2
STU_4627AE11DDD3,Portuguese,GP,F,18,4,0,4,95.7,14,14,15,14.33,pass,0,Low Risk,no,yes,yes,yes,5,3,1,1,1
STU_3661EE527021,Portuguese,GP,F,17,2,0,0,100.0,14,14,16,14.67,pass,0,Low Risk,no,yes,yes,yes,4,3,2,3,2
STU_0C14A8F52320,Portuguese,GP,M,18,2,0,0,100.0,12,12,13,12.33,pass,1,Low Risk,no,yes,yes,yes,4,3,2,2,2
STU_C18D0D586580,Portuguese,GP,M,18,2,0,6,93.55,16,16,17,16.33,pass,0,Low Risk,no,no,yes,yes,4,3,1,3,5
STU_241C973E3021,Portuguese,GP,F,17,2,0,18,80.65,10,12,14,12.0,pass,2,Low Risk,no,yes,yes,yes,3,1,1,2,4
STU_8BF3D2ED07F1,Portuguese,GP,F,18,3,0,0,100.0,11,12,14,12.33,pass,1,Low Risk,no,yes,yes,yes,4,3,1,2,3
STU_CFF60717B20F,Portuguese,GP,F,18,3,0,4,95.7,14,16,17,15.67,pass,0,Low Risk,no,no,yes,yes,5,3,2,3,1
STU_366660258B05,Portuguese,GP,M,18,3,0,4,95.7,15,14,17,15.33,pass,0,Low Risk,no,no,yes,yes,5,2,1,2,4
STU_723DB62D2CDC,Portuguese,GP,M,18,3,0,0,100.0,14,13,14,13.67,pass,1,Low Risk,no,yes,yes,yes,5,5,2,3,5
STU_0CD1D0E56FC1,Portuguese,GP,F,17,3,0,0,100.0,11,12,13,12.0,pass,1,Low Risk,no,yes,yes,yes,4,3,1,3,4
STU_07A74A773EE2,Portuguese,GP,F,17,2,0,10,89.25,12,15,15,14.0,pass,1,Low Risk,no,yes,yes,yes,4,4,2,2,1
STU_E8BB57DC68AD,Portuguese,GP,F,17,2,0,4,95.7,12,16,16,14.67,pass,0,Low Risk,no,yes,yes,yes,4,5,2,4,4
STU_58119086EC9C,Portuguese,GP,F,19,1,1,16,82.8,10,11,11,10.67,pass,3,Medium Risk,no,no,no,yes,2,3,3,4,5
STU_2E9D5AEF34F3,Portuguese,GP,F,17,1,1,6,93.55,10,13,13,12.0,pass,2,Low Risk,no,yes,yes,yes,4,2,1,1,3
STU_01FF58BDDDED,Portuguese,GP,F,21,3,2,0,100.0,9,12,12,11.0,pass,3,Medium Risk,no,no,yes,yes,3,2,1,1,5
STU_58007EBDF61C,Portuguese,GP,M,18,2,0,11,88.17,9,11,12,10.67,pass,2,Low Risk,no,yes,no,yes,4,4,1,3,3
STU_8DBC6B4F6C3C,Portuguese,GP,M,18,2,0,9,90.32,13,14,15,14.0,pass,0,Low Risk,no,no,yes,yes,4,5,1,4,2
STU_56E645248C22,Portuguese,GP,F,17,2,0,0,100.0,13,17,17,15.67,pass,0,Low Risk,no,yes,yes,yes,4,4,1,3,4
STU_B8C901D892FE,Portuguese,GP,M,17,3,0,2,97.85,12,15,15,14.0,pass,0,Low Risk,no,yes,yes,yes,4,2,1,2,4
STU_FB48797212AB,Portuguese,GP,F,18,2,0,0,100.0,14,17,17,16.0,pass,0,Low Risk,no,yes,yes,yes,4,2,1,1,3
STU_150D0045E1FD,Portuguese,GP,M,21,2,2,21,77.42,9,10,10,9.67,fail,5,High Risk,no,yes,no,yes,5,3,5,2,4
STU_AE8B1EAB7CB8,Portuguese,GP,F,20,3,0,8,91.4,11,15,15,13.67,pass,1,Low Risk,no,no,yes,yes,3,2,1,3,3
STU_D6B4A7474FE1,Portuguese,GP,F,19,1,1,5,94.62,9,10,11,10.0,pass,2,Low Risk,no,yes,yes,yes,3,5,4,4,5
STU_B5189B55CE62,Portuguese,GP,M,17,2,0,10,89.25,16,18,18,17.33,pass,1,Low Risk,no,yes,yes,yes,4,4,1,2,5
STU_8309E210E5D7,Portuguese,GP,F,18,3,0,5,94.62,14,17,17,16.0,pass,0,Low Risk,no,yes,yes,yes,4,4,1,2,2
STU_E8822035F823,Portuguese,GP,M,18,1,0,13,86.02,13,14,14,13.67,pass,2,Low Risk,no,no,yes,yes,3,3,4,5,4
STU_0F9F8BF9B189,Portuguese,GP,M,19,1,0,10,89.25,7,11,11,9.67,fail,3,Medium Risk,no,no,yes,yes,5,4,1,4,4
STU_23BD574DCA69,Portuguese,GP,F,18,2,0,10,89.25,14,17,17,16.0,pass,1,Low Risk,no,yes,yes,yes,4,4,1,3,4
STU_EB8BE87854F6,Portuguese,GP,F,20,1,1,5,94.62,8,10,10,9.33,fail,3,Medium Risk,yes,no,yes,yes,5,1,1,1,5
STU_22FB884DC9C7,Portuguese,GP,F,18,2,0,4,95.7,10,13,13,12.0,pass,1,Low Risk,no,yes,yes,yes,3,2,1,2,1
STU_6ADF30AA865B,Portuguese,MS,F,16,1,0,11,88.17,10,11,11,10.67,pass,2,Low Risk,no,yes,no,yes,4,3,1,3,5
STU_4EC64B60A675,Portuguese,MS,F,16,2,0,0,100.0,12,12,12,12.0,pass,1,Low Risk,no,yes,yes,yes,4,4,1,1,5
STU_39958ABFB542,Portuguese,MS,F,15,1,1,6,93.55,10,10,10,10.0,pass,2,Low Risk,no,yes,yes,no,4,3,1,1,2
STU_8D07E78B8EF9,Portuguese,MS,F,15,1,0,4,95.7,10,10,11,10.33,pass,1,Low Risk,no,yes,yes,yes,5,4,2,3,5
STU_8BA7399136E3,Portuguese,MS,F,16,2,0,0,100.0,16,17,17,16.67,pass,0,Low Risk,no,no,yes,no,4,2,1,2,5
STU_4F463C01D6DF,Portuguese,MS,F,15,1,0,0,100.0,6,8,9,7.67,fail,2,Low Risk,no,no,no,no,1,4,1,1,1
STU_E6383C6E5CF7,Portuguese,MS,M,16,2,0,5,94.62,10,11,11,10.67,pass,1,Low Risk,no,yes,yes,no,5,2,1,3,2
STU_D820A88F516A,Portuguese,MS,M,16,3,0,0,100.0,10,11,11,10.67,pass,1,Low Risk,yes,no,yes,yes,4,3,1,1,5
STU_9D6D828F9367,Portuguese,MS,F,17,2,1,0,100.0,10,10,10,10.0,pass,2,Low Risk,no,no,yes,no,4,4,1,2,5
STU_DBE325B9999D,Portuguese,MS,F,17,1,1,0,100.0,6,6,7,6.33,fail,3,Medium Risk,no,yes,no,yes,5,4,2,2,5
STU_7449B6A359C5,Portuguese,MS,F,15,1,0,0,100.0,13,14,14,13.67,pass,1,Low Risk,no,no,yes,yes,1,1,3,5,5
STU_3A21653BB08A,Portuguese,MS,F,16,4,0,4,95.7,10,9,11,10.0,pass,1,Low Risk,no,no,no,no,1,1,1,1,1
STU_1C7DB5CBCA89,Portuguese,MS,F,15,2,0,0,100.0,10,10,10,10.0,pass,1,Low Risk,no,yes,yes,yes,5,3,1,2,4
STU_4ED8FCD7F4DB,Portuguese,MS,F,15,1,1,4,95.7,6,7,8,7.0,fail,3,Medium Risk,no,yes,yes,yes,4,3,1,2,2
STU_4E2667BFAFDB,Portuguese,MS,F,16,1,0,0,100.0,12,11,12,11.67,pass,1,Low Risk,no,yes,yes,no,3,3,1,2,2
STU_9B9CBA907836,Portuguese,MS,F,17,1,0,2,97.85,10,11,12,11.0,pass,1,Low Risk,no,yes,yes,yes,5,5,1,3,3
STU_D230249CF979,Portuguese,MS,F,15,1,0,0,100.0,14,16,16,15.33,pass,0,Low Risk,no,no,yes,yes,4,3,1,1,4
STU_9CD259B2752E,Portuguese,MS,M,16,2,0,0,100.0,7,0,0,2.33,fail,2,Low Risk,no,yes,yes,no,5,5,4,5,3
STU_18901A52B367,Portuguese,MS,M,17,2,0,4,95.7,8,9,9,8.67,fail,2,Low Risk,no,no,yes,yes,4,3,2,4,5
STU_030309994DAC,Portuguese,MS,M,16,2,0,4,95.7,9,10,11,10.0,pass,1,Low Risk,no,no,yes,no,3,5,1,2,5
STU_4D5122DB25EC,Portuguese,MS,M,15,2,0,8,91.4,7,9,9,8.33,fail,2,Low Risk,no,yes,yes,no,5,5,2,4,4
STU_59AAE009BEDC,Portuguese,MS,M,15,2,0,0,100.0,11,11,11,11.0,pass,1,Low Risk,no,yes,yes,yes,5,3,1,1,5
STU_D3319D50AFD5,Portuguese,MS,M,17,1,0,8,91.4,8,10,9,9.0,fail,2,Low Risk,no,no,no,no,5,5,5,5,3
STU_DFB2D7C9F499,Portuguese,MS,F,16,3,0,6,93.55,16,16,17,16.33,pass,0,Low Risk,no,no,yes,yes,4,2,1,1,4
STU_B12910B5FDD2,Portuguese,MS,F,15,1,0,3,96.77,11,13,13,12.33,pass,1,Low Risk,no,no,yes,no,5,2,1,1,1
STU_261279B7F209,Portuguese,MS,F,16,2,0,2,97.85,15,15,15,15.0,pass,0,Low Risk,no,yes,yes,yes,4,4,1,2,1
STU_5DE5845F97E3,Portuguese,MS,M,16,2,0,0,100.0,10,11,11,10.67,pass,1,Low Risk,no,no,yes,no,4,3,1,1,5
STU_4EE0B382B40F,Portuguese,MS,F,16,2,0,4,95.7,9,10,11,10.0,pass,1,Low Risk,no,yes,yes,yes,4,5,1,1,4
STU_9207B75ABF1F,Portuguese,MS,F,15,2,0,0,100.0,9,10,9,9.33,fail,2,Low Risk,yes,yes,yes,yes,4,2,3,3,2
STU_B6DF3F1B397A,Portuguese,MS,F,16,2,0,0,100.0,13,14,15,14.0,pass,0,Low Risk,no,yes,yes,no,5,3,2,1,2
STU_C0E0AE3D5654,Portuguese,MS,M,17,1,0,4,95.7,10,11,11,10.67,pass,1,Low Risk,no,yes,yes,yes,5,5,5,5,3
STU_66D4C01442B0,Portuguese,MS,F,16,4,0,0,100.0,13,10,13,12.0,pass,1,Low Risk,no,yes,yes,yes,4,2,1,1,1
STU_36AEFF01F09C,Portuguese,MS,F,16,3,0,2,97.85,10,9,10,9.67,fail,2,Low Risk,yes,yes,yes,no,4,3,1,1,5
STU_6C3DBA0C2119,Portuguese,MS,F,15,2,0,1,98.92,11,10,11,10.67,pass,1,Low Risk,no,yes,yes,yes,4,3,1,1,2
STU_1CCCE7CC7A5C,Portuguese,MS,F,16,1,0,0,100.0,13,12,14,13.0,pass,1,Low Risk,no,no,yes,yes,4,2,4,3,2
STU_EC840905277C,Portuguese,MS,F,15,2,0,0,100.0,13,14,14,13.67,pass,1,Low Risk,no,yes,yes,no,4,1,1,2,2
STU_F89E2DC91E88,Portuguese,MS,F,15,3,0,2,97.85,14,11,12,12.33,pass,1,Low Risk,yes,yes,yes,no,4,3,2,2,5
STU_D692B19BC2BC,Portuguese,MS,M,16,1,0,6,93.55,11,11,11,11.0,pass,1,Low Risk,no,no,yes,no,3,4,3,4,5
STU_C5446C681A6A,Portuguese,MS,F,18,2,1,9,90.32,9,8,8,8.33,fail,3,Medium Risk,no,yes,yes,yes,3,4,2,3,5
STU_67A2EC56DB8F,Portuguese,MS,M,15,1,0,0,100.0,10,9,11,10.0,pass,1,Low Risk,no,yes,yes,no,3,3,1,3,4
STU_4FBB902BEAFA,Portuguese,MS,F,16,2,0,1,98.92,14,13,14,13.67,pass,1,Low Risk,no,yes,yes,yes,5,4,1,1,2
STU_55B8125362F1,Portuguese,MS,M,15,1,0,1,98.92,13,12,13,12.67,pass,1,Low Risk,no,no,yes,no,4,3,1,2,4
STU_3F9E2B99588A,Portuguese,MS,M,16,2,0,0,100.0,13,12,13,12.67,pass,1,Low Risk,no,yes,yes,no,4,1,1,1,3
STU_0AD79683115B,Portuguese,MS,F,15,2,0,4,95.7,13,12,12,12.33,pass,1,Low Risk,no,yes,yes,yes,4,4,1,1,1
STU_2F2E7872AC17,Portuguese,MS,F,16,2,1,2,97.85,12,11,12,11.67,pass,2,Low Risk,no,yes,yes,no,4,4,2,3,5
STU_F8CD7D1359BE,Portuguese,MS,F,16,1,0,0,100.0,14,14,16,14.67,pass,0,Low Risk,no,yes,yes,no,4,2,1,1,4
STU_836E6F84B113,Portuguese,MS,M,16,1,0,4,95.7,10,8,10,9.33,fail,2,Low Risk,no,yes,yes,yes,2,3,2,3,4
STU_26E9A2667D85,Portuguese,MS,M,15,1,0,2,97.85,10,11,11,10.67,pass,1,Low Risk,no,yes,yes,yes,4,4,3,5,3
STU_A027F40EA054,Portuguese,MS,F,15,3,0,0,100.0,12,13,14,13.0,pass,1,Low Risk,no,yes,yes,no,5,2,1,1,4
STU_66C19611CE1E,Portuguese,MS,F,16,1,0,2,97.85,10,8,8,8.67,fail,2,Low Risk,no,yes,yes,yes,5,3,1,1,5
STU_417A6555D2C1,Portuguese,MS,M,15,1,0,11,88.17,12,10,11,11.0,pass,2,Low Risk,no,yes,yes,yes,4,3,2,4,3
STU_687FE256B091,Portuguese,MS,F,16,2,3,0,100.0,7,7,8,7.33,fail,4,Medium Risk,yes,yes,yes,no,3,3,1,1,1
STU_2B37BA8FC203,Portuguese,MS,F,17,1,0,4,95.7,9,9,10,9.33,fail,2,Low Risk,no,yes,no,no,4,3,1,1,5
STU_D209BE3B6E49,Portuguese,MS,F,19,1,1,0,100.0,9,9,10,9.33,fail,3,Medium Risk,no,no,no,yes,4,4,1,1,2
STU_A0FADBBE8E36,Portuguese,MS,F,17,1,0,2,97.85,9,10,11,10.0,pass,1,Low Risk,no,yes,no,no,5,3,1,1,3
STU_F313E8D5D450,Portuguese,MS,F,15,1,0,0,100.0,9,10,9,9.33,fail,2,Low Risk,no,yes,no,no,5,1,1,3,4
STU_70C07BB75E2D,Portuguese,MS,F,16,2,0,1,98.92,9,10,11,10.0,pass,1,Low Risk,no,yes,no,yes,3,5,1,2,1
STU_B9067BFBE6AD,Portuguese,MS,F,16,1,0,6,93.55,7,7,8,7.33,fail,2,Low Risk,no,yes,no,no,4,4,1,2,1
STU_497C8DA79A76,Portuguese,MS,F,17,2,0,0,100.0,11,10,11,10.67,pass,1,Low Risk,no,yes,yes,yes,4,5,1,2,4
STU_F4F649580847,Portuguese,MS,F,16,1,1,1,98.92,9,10,10,9.67,fail,3,Medium Risk,no,yes,yes,yes,4,3,1,4,3
STU_5F61C027F312,Portuguese,MS,F,18,3,2,6,93.55,7,9,10,8.67,fail,4,Medium Risk,no,yes,no,no,3,2,1,1,2
STU_06A82ACDBEF2,Portuguese,MS,F,19,3,1,6,93.55,7,9,9,8.33,fail,3,Medium Risk,no,no,no,no,5,1,1,1,3
STU_4E83C8E0593D,Portuguese,MS,M,18,1,1,0,100.0,8,9,10,9.0,fail,3,Medium Risk,no,no,no,yes,4,3,3,4,4
STU_A7B92225694E,Portuguese,MS,F,18,1,1,4,95.7,9,11,10,10.0,pass,2,Low Risk,no,no,no,yes,3,3,1,1,2
STU_E9962F04CFB3,Portuguese,MS,F,19,2,1,12,87.1,7,8,9,8.0,fail,4,Medium Risk,no,yes,yes,yes,1,4,4,1,1
STU_2ECC04F9C2D3,Portuguese,MS,F,16,2,0,2,97.85,8,10,10,9.33,fail,2,Low Risk,no,no,yes,no,3,2,1,1,3
STU_5970B80E36FD,Portuguese,MS,F,17,1,0,5,94.62,9,9,10,9.33,fail,2,Low Risk,no,no,yes,no,2,4,3,5,5
STU_AA1E9EAEDE24,Portuguese,MS,F,16,2,0,0,100.0,8,9,9,8.67,fail,2,Low Risk,no,no,no,yes,4,5,1,3,3
STU_44A5F8A92179,Portuguese,MS,F,16,1,0,0,100.0,14,13,13,13.33,pass,1,Low Risk,no,no,no,yes,4,4,1,1,4
STU_6DF836641C28,Portuguese,MS,F,16,1,0,2,97.85,14,14,14,14.0,pass,0,Low Risk,no,yes,yes,yes,4,4,2,2,4
STU_5C7D58D58382,Portuguese,MS,M,17,4,1,0,100.0,10,11,10,10.33,pass,2,Low Risk,no,yes,yes,no,5,5,3,4,5
STU_F743D17F6CB4,Portuguese,MS,F,16,2,0,0,100.0,14,13,14,13.67,pass,1,Low Risk,no,yes,yes,yes,5,3,1,1,1
STU_BF38B0D6591F,Portuguese,MS,F,16,1,0,0,100.0,17,16,16,16.33,pass,0,Low Risk,no,yes,yes,no,4,5,1,2,5
STU_2E196F90B4B0,Portuguese,MS,M,17,1,1,12,87.1,6,7,7,6.67,fail,4,Medium Risk,no,yes,no,yes,5,5,5,5,1
STU_6A29E6145D11,Portuguese,MS,M,16,1,0,8,91.4,14,12,13,13.0,pass,1,Low Risk,no,no,yes,yes,4,5,1,5,5
STU_979C34842E57,Portuguese,MS,M,17,4,1,2,97.85,10,8,9,9.0,fail,3,Medium Risk,no,yes,yes,no,1,5,3,5,3
STU_C008090162F0,Portuguese,MS,F,16,4,0,0,100.0,14,14,14,14.0,pass,0,Low Risk,yes,yes,yes,yes,2,1,1,1,5
STU_0E19F9869D1A,Portuguese,MS,F,19,3,0,0,100.0,12,13,13,12.67,pass,1,Low Risk,no,no,yes,yes,5,5,1,1,1
STU_3CD85E695E0B,Portuguese,MS,F,17,1,0,0,100.0,11,11,11,11.0,pass,1,Low Risk,no,yes,yes,yes,4,5,1,2,5
STU_70F648A6909A,Portuguese,MS,F,20,2,1,8,91.4,11,9,10,10.0,pass,2,Low Risk,no,no,yes,yes,3,4,2,4,3
STU_3E132EA60E41,Portuguese,MS,F,17,3,0,0,100.0,11,11,10,10.67,pass,1,Low Risk,no,yes,yes,no,4,3,1,1,3
STU_32D8DD2D4CE1,Portuguese,MS,M,17,1,1,0,100.0,10,9,9,9.33,fail,3,Medium Risk,no,yes,yes,yes,4,5,1,2,5
STU_DEEC27F2D63F,Portuguese,MS,F,16,2,0,0,100.0,16,17,18,17.0,pass,0,Low Risk,no,yes,yes,no,5,2,1,1,1
STU_3556967A4262,Portuguese,MS,F,17,2,0,0,100.0,15,17,17,16.33,pass,0,Low Risk,no,yes,yes,no,5,2,1,1,1
STU_EC1F770D2EA3,Portuguese,MS,F,17,2,0,1,98.92,11,9,10,10.0,pass,1,Low Risk,no,no,yes,yes,4,5,1,1,4
STU_E8CC615EB902,Portuguese,MS,F,18,2,1,9,90.32,7,7,7,7.0,fail,3,Medium Risk,no,yes,yes,yes,4,2,1,1,5
STU_72B0523C3307,Portuguese,MS,F,16,1,0,0,100.0,8,6,8,7.33,fail,2,Low Risk,no,no,yes,yes,3,3,1,3,1
STU_A80C64A93E94,Portuguese,MS,F,16,1,0,2,97.85,7,6,7,6.67,fail,2,Low Risk,no,no,yes,yes,3,3,1,4,3
STU_297DF44449A7,Portuguese,MS,F,18,2,0,8,91.4,9,8,10,9.0,fail,2,Low Risk,yes,no,yes,no,2,5,1,4,3
STU_08A6934AD1C7,Portuguese,MS,F,16,2,0,0,100.0,14,16,16,15.33,pass,0,Low Risk,no,no,yes,yes,4,3,2,3,2
STU_6622143D7220,Portuguese,MS,F,16,1,0,0,100.0,14,14,15,14.33,pass,0,Low Risk,no,no,yes,yes,5,5,1,4,2
STU_B628526B76F8,Portuguese,MS,F,18,2,1,8,91.4,8,5,8,7.0,fail,3,Medium Risk,no,yes,yes,yes,2,2,1,3,1
STU_4C10B45CAFBA,Portuguese,MS,M,16,2,0,0,100.0,8,7,0,5.0,fail,2,Low Risk,no,no,yes,yes,5,1,1,1,2
STU_49E1525A3775,Portuguese,MS,F,16,2,0,6,93.55,6,8,8,7.33,fail,2,Low Risk,no,yes,yes,yes,4,2,1,3,5
STU_3A2447AB59E8,Portuguese,MS,F,16,2,0,0,100.0,8,10,10,9.33,fail,2,Low Risk,no,yes,yes,yes,3,3,1,1,2
STU_3E9EB9D3B0C4,Portuguese,MS,F,16,2,0,4,95.7,8,8,8,8.0,fail,2,Low Risk,no,yes,yes,yes,4,4,1,2,3
STU_BB1FE45F3957,Portuguese,MS,M,18,4,0,2,97.85,5,6,6,5.67,fail,2,Low Risk,no,yes,no,yes,5,5,5,5,5
STU_E888AF133F35,Portuguese,MS,F,16,2,0,2,97.85,7,9,8,8.0,fail,2,Low Risk,no,yes,yes,no,4,1,1,1,2
STU_AC129A071A51,Portuguese,MS,M,17,3,0,0,100.0,15,14,16,15.0,pass,0,Low Risk,no,yes,yes,yes,4,3,1,2,5
STU_5E05E710AB2E,Portuguese,MS,F,17,1,0,1,98.92,13,14,14,13.67,pass,1,Low Risk,no,no,yes,yes,4,3,1,2,5
STU_4558AC0E4B53,Portuguese,MS,M,16,3,0,0,100.0,10,9,10,9.67,fail,2,Low Risk,no,no,yes,no,5,3,2,2,3
STU_B9B2CF243FAA,Portuguese,MS,F,17,1,0,5,94.62,9,9,9,9.0,fail,2,Low Risk,no,yes,yes,yes,5,3,1,2,5
STU_360FB39CCC80,Portuguese,MS,F,16,1,0,1,98.92,11,11,11,11.0,pass,1,Low Risk,no,yes,yes,no,5,3,1,2,5
STU_AB03FA5D1438,Portuguese,MS,M,17,1,0,8,91.4,7,10,9,8.67,fail,2,Low Risk,no,yes,yes,yes,4,4,5,5,3
STU_FD7F2F042C3A,Portuguese,MS,M,17,2,0,0,100.0,10,10,10,10.0,pass,1,Low Risk,no,no,yes,yes,5,3,3,3,1
STU_B453E9930E46,Portuguese,MS,M,16,2,0,2,97.85,9,7,8,8.0,fail,2,Low Risk,no,no,yes,yes,4,2,1,4,5
STU_264832935E31,Portuguese,MS,F,16,2,0,0,100.0,14,15,16,15.0,pass,0,Low Risk,no,no,yes,yes,3,2,1,1,3
STU_AAF7D7766021,Portuguese,MS,M,16,1,0,0,100.0,11,12,12,11.67,pass,1,Low Risk,no,yes,yes,yes,4,2,2,5,5
STU_09134A680978,Portuguese,MS,M,15,2,0,11,88.17,9,11,10,10.0,pass,2,Low Risk,no,yes,yes,no,5,5,1,3,5
STU_E3D020804796,Portuguese,MS,M,15,4,0,8,91.4,13,14,14,13.67,pass,1,Low Risk,no,yes,yes,no,5,5,2,3,5
STU_80CF8576337A,Portuguese,MS,M,15,1,0,11,88.17,12,13,12,12.33,pass,2,Low Risk,no,no,yes,yes,4,3,1,2,5
STU_0969B5CED64E,Portuguese,MS,F,16,3,0,2,97.85,11,11,11,11.0,pass,1,Low Risk,no,yes,yes,no,4,3,2,2,5
STU_E126EF98049A,Portuguese,MS,F,16,2,0,8,91.4,9,10,10,9.67,fail,2,Low Risk,no,yes,yes,yes,1,4,2,2,1
STU_7C26A492956F,Portuguese,MS,F,17,1,0,5,94.62,9,11,11,10.33,pass,1,Low Risk,no,no,yes,no,4,3,2,2,1
STU_5B6274B39E58,Portuguese,MS,F,17,2,0,0,100.0,11,9,11,10.33,pass,1,Low Risk,yes,no,yes,no,5,3,1,1,5
STU_82F2B5A531C2,Portuguese,MS,F,16,3,0,1,98.92,10,11,12,11.0,pass,1,Low Risk,no,yes,yes,yes,5,5,1,4,5
STU_FC670B12F754,Portuguese,MS,M,17,1,3,2,97.85,9,9,8,8.67,fail,4,Medium Risk,no,no,yes,yes,3,3,1,3,5
STU_1F3EBEA22D75,Portuguese,MS,M,17,1,0,2,97.85,12,11,12,11.67,pass,1,Low Risk,no,no,yes,no,5,2,3,3,5
STU_E3ADEE939472,Portuguese,MS,M,17,2,1,8,91.4,8,9,8,8.33,fail,3,Medium Risk,no,yes,yes,yes,5,4,3,4,5
STU_EAA7B1F0A7A0,Portuguese,MS,F,17,2,0,0,100.0,13,15,16,14.67,pass,0,Low Risk,no,yes,yes,yes,5,5,1,1,5
STU_E22E8207C31D,Portuguese,MS,M,16,1,0,0,100.0,10,11,11,10.67,pass,1,Low Risk,no,no,yes,yes,4,2,2,1,2
STU_CD08D63F0111,Portuguese,MS,F,17,2,0,2,97.85,11,10,11,10.67,pass,1,Low Risk,no,no,yes,yes,4,5,1,2,3
STU_87A9D3DB17C2,Portuguese,MS,F,17,2,0,0,100.0,17,18,18,17.67,pass,0,Low Risk,yes,yes,yes,yes,4,3,2,3,5
STU_044F8F781B8F,Portuguese,MS,M,16,2,0,0,100.0,12,13,13,12.67,pass,1,Low Risk,no,yes,yes,yes,4,2,2,2,5
STU_FDFB0AA0357A,Portuguese,MS,M,17,2,0,0,100.0,13,14,13,13.33,pass,1,Low Risk,no,yes,yes,yes,4,2,2,2,1
STU_EC88C78860BE,Portuguese,MS,M,19,2,2,2,97.85,9,9,10,9.33,fail,4,Medium Risk,no,yes,no,yes,4,3,3,4,4
STU_4DAE54FAFC9A,Portuguese,MS,M,17,1,0,4,95.7,11,11,12,11.33,pass,1,Low Risk,no,no,yes,no,4,2,1,1,5
STU_9CFE05E09F47,Portuguese,MS,F,17,1,0,3,96.77,10,11,10,10.33,pass,1,Low Risk,no,yes,no,yes,3,5,2,2,4
STU_FB1A9828E20F,Portuguese,MS,F,16,3,0,5,94.62,13,14,13,13.33,pass,1,Low Risk,yes,yes,yes,yes,4,4,1,1,3
STU_84D72DF0B8CD,Portuguese,MS,M,16,1,0,4,95.7,9,10,11,10.0,pass,1,Low Risk,no,no,yes,no,4,4,2,4,5
STU_9FADE9FBE68E,Portuguese,MS,F,17,2,3,2,97.85,7,9,10,8.67,fail,4,Medium Risk,no,yes,yes,yes,5,4,1,1,5
STU_64905E09A161,Portuguese,MS,M,17,1,0,0,100.0,8,13,10,10.33,pass,1,Low Risk,no,no,no,no,5,5,3,5,5
STU_443F30C9C299,Portuguese,MS,M,18,1,1,0,100.0,12,12,13,12.33,pass,2,Low Risk,yes,yes,yes,no,4,2,1,1,4
STU_361833FDC361,Portuguese,MS,M,17,1,0,0,100.0,10,9,10,9.67,fail,2,Low Risk,no,yes,yes,yes,4,5,1,3,2
STU_0BC7B125597B,Portuguese,MS,M,18,2,0,6,93.55,10,9,10,9.67,fail,2,Low Risk,no,yes,yes,no,4,3,1,4,5
STU_46369CB909D3,Portuguese,MS,F,16,2,0,0,100.0,11,13,12,12.0,pass,1,Low Risk,no,no,yes,no,5,3,1,1,1
STU_81FC5EE1BA01,Portuguese,MS,M,17,1,1,0,100.0,7,0,0,2.33,fail,3,Medium Risk,no,no,yes,no,1,1,2,3,5
STU_B918234B5177,Portuguese,MS,M,16,1,0,2,97.85,11,9,10,10.0,pass,1,Low Risk,no,no,yes,yes,4,5,2,3,5
STU_DC18F9CEDB66,Portuguese,MS,M,16,1,0,0,100.0,10,10,9,9.67,fail,2,Low Risk,no,no,yes,yes,4,5,2,4,5
STU_895DD47296D3,Portuguese,MS,M,18,1,1,2,97.85,9,7,9,8.33,fail,3,Medium Risk,no,yes,no,yes,5,3,2,3,5
STU_5E61D4338682,Portuguese,MS,M,18,1,1,0,100.0,4,0,0,1.33,fail,3,Medium Risk,no,no,no,yes,2,1,2,2,5
STU_77CDD5B790FD,Portuguese,MS,M,19,1,3,4,95.7,6,11,9,8.67,fail,4,Medium Risk,no,no,yes,no,3,1,1,1,3
STU_5370D8050A11,Portuguese,MS,M,18,2,2,9,90.32,4,8,8,6.67,fail,4,Medium Risk,no,yes,no,yes,4,5,1,3,3
STU_FB1BE3EE4643,Portuguese,MS,M,16,1,0,6,93.55,7,8,8,7.67,fail,2,Low Risk,no,yes,yes,yes,5,3,2,4,4
STU_3FD66840BF2B,Portuguese,MS,M,19,1,3,4,95.7,8,9,9,8.67,fail,4,Medium Risk,no,no,no,yes,4,3,1,3,5
STU_A847525C4F97,Portuguese,MS,F,16,2,2,8,91.4,5,5,7,5.67,fail,4,Medium Risk,no,yes,yes,no,2,5,1,1,1
STU_779B7A8AAFA4,Portuguese,MS,F,17,1,0,9,90.32,7,9,10,8.67,fail,2,Low Risk,no,yes,yes,no,4,2,1,2,5
STU_B7B3C8A6EE58,Portuguese,MS,M,20,1,1,12,87.1,8,11,10,9.67,fail,4,Medium Risk,no,yes,no,yes,4,3,2,4,4
STU_E1C2451A1AF7,Portuguese,MS,F,18,1,0,8,91.4,10,11,10,10.33,pass,1,Low Risk,no,yes,yes,yes,5,4,3,4,2
STU_36915459247A,Portuguese,MS,M,18,1,0,8,91.4,9,10,11,10.0,pass,1,Low Risk,no,yes,yes,yes,2,5,5,5,5
STU_573030170A53,Portuguese,MS,M,19,2,1,8,91.4,10,9,11,10.0,pass,2,Low Risk,no,no,yes,yes,5,4,3,3,2
STU_F8FCABE60BD0,Portuguese,MS,M,17,2,1,4,95.7,8,9,10,9.0,fail,3,Medium Risk,no,yes,yes,yes,4,4,2,3,3
STU_5658719088A8,Portuguese,MS,M,18,1,0,0,100.0,9,10,9,9.33,fail,2,Low Risk,no,no,no,yes,4,3,2,3,3
STU_FBC4E66AF99F,Portuguese,MS,M,19,1,1,4,95.7,8,9,10,9.0,fail,3,Medium Risk,no,yes,yes,yes,4,4,3,3,5
STU_9022D4B0CDC8,Portuguese,MS,F,18,2,2,2,97.85,6,8,8,7.33,fail,4,Medium Risk,no,yes,yes,no,4,3,1,1,5
STU_6717C7CC348F,Portuguese,MS,F,19,1,0,0,100.0,6,8,7,7.0,fail,2,Low Risk,no,yes,no,no,1,4,1,1,5
STU_FB3CA5274FA5,Portuguese,MS,F,18,1,1,0,100.0,8,6,0,4.67,fail,3,Medium Risk,no,no,no,yes,5,5,1,1,3
STU_E89B60E31188,Portuguese,MS,F,17,1,0,0,100.0,10,11,11,10.67,pass,1,Low Risk,no,yes,yes,yes,4,3,1,1,5
STU_FFAE32223DE5,Portuguese,MS,F,17,3,0,5,94.62,8,7,8,7.67,fail,2,Low Risk,no,yes,no,no,4,3,2,2,3
STU_42FF6BE79AD9,Portuguese,MS,F,17,2,0,0,100.0,8,8,0,5.33,fail,2,Low Risk,yes,yes,yes,yes,5,5,1,3,5
STU_9A12AC46688E,Portuguese,MS,F,18,2,1,3,96.77,7,6,8,7.0,fail,3,Medium Risk,no,yes,yes,yes,2,3,1,2,4
STU_6CCC84C42593,Portuguese,MS,F,17,1,0,0,100.0,8,10,9,9.0,fail,2,Low Risk,no,yes,yes,no,3,2,1,1,5
STU_0D42B01A967E,Portuguese,MS,F,17,1,0,0,100.0,7,10,10,9.0,fail,2,Low Risk,no,no,yes,yes,5,1,1,1,3
STU_1817B58FA644,Portuguese,MS,F,18,2,2,3,96.77,7,8,7,7.33,fail,4,Medium Risk,no,no,yes,no,3,4,2,2,5
STU_73447F38C279,Portuguese,MS,F,18,2,0,2,97.85,12,13,14,13.0,pass,1,Low Risk,no,no,yes,yes,4,5,1,1,1
STU_713C1B83ED0D,Portuguese,MS,F,17,1,0,0,100.0,11,12,13,12.0,pass,1,Low Risk,no,yes,yes,yes,4,3,1,1,4
STU_A4FEDD87C6AE,Portuguese,MS,F,18,2,0,0,100.0,12,13,14,13.0,pass,1,Low Risk,no,no,yes,yes,4,3,1,2,4
STU_BD13CB575E68,Portuguese,MS,F,18,2,0,0,100.0,18,18,18,18.0,pass,0,Low Risk,no,no,yes,yes,4,5,1,2,1
STU_AC3AE4E0DDAE,Portuguese,MS,M,18,1,0,3,96.77,17,17,17,17.0,pass,0,Low Risk,no,yes,yes,yes,5,5,1,1,5
STU_7D46B2B75277,Portuguese,MS,F,17,2,0,0,100.0,17,18,18,17.67,pass,0,Low Risk,no,yes,yes,yes,4,3,1,2,4
STU_F6E08A83CFA7,Portuguese,MS,F,18,2,1,0,100.0,9,0,0,3.0,fail,3,Medium Risk,no,no,yes,no,4,3,1,1,4
STU_57F5884A32DF,Portuguese,MS,M,18,1,0,8,91.4,10,11,11,10.67,pass,1,Low Risk,no,yes,yes,no,4,4,5,5,1
STU_8C6ADB837AA3,Portuguese,MS,M,18,1,0,5,94.62,12,13,14,13.0,pass,1,Low Risk,no,yes,yes,yes,2,5,1,1,1
STU_8F2DE6945ADB,Portuguese,MS,M,17,1,0,4,95.7,12,13,14,13.0,pass,1,Low Risk,no,no,no,no,4,3,3,4,4
STU_EFACDEFB7015,Portuguese,MS,F,18,2,0,4,95.7,8,8,10,8.67,fail,2,Low Risk,no,yes,yes,yes,1,1,1,1,2
STU_E397F0AB1433,Portuguese,MS,F,18,3,0,0,100.0,11,12,13,12.0,pass,1,Low Risk,no,no,yes,yes,5,5,1,4,3
STU_1E5FF782A79F,Portuguese,MS,F,18,2,0,0,100.0,5,0,0,1.67,fail,2,Low Risk,no,no,yes,yes,5,1,1,1,5
STU_9D52B84D2136,Portuguese,MS,F,18,2,1,2,97.85,9,10,10,9.67,fail,3,Medium Risk,no,no,no,no,4,2,1,2,2
STU_81501A379DE7,Portuguese,MS,F,19,1,1,0,100.0,5,0,0,1.67,fail,3,Medium Risk,no,no,no,no,5,5,2,3,2
STU_DC41A1C71CB0,Portuguese,MS,F,17,4,0,0,100.0,18,18,18,18.0,pass,0,Low Risk,no,no,yes,yes,4,3,3,1,5
STU_315561DDA3C8,Portuguese,MS,F,17,2,0,5,94.62,11,11,12,11.33,pass,1,Low Risk,no,no,yes,yes,5,3,1,2,2
STU_727BC6355A1A,Portuguese,MS,F,18,2,0,2,97.85,8,10,11,9.67,fail,2,Low Risk,no,no,yes,no,5,3,1,2,3
STU_09A567488287,Portuguese,MS,F,18,2,0,0,100.0,11,11,12,11.33,pass,1,Low Risk,no,yes,no,no,4,1,1,1,4
STU_209C200C2EB9,Portuguese,MS,F,19,2,3,0,100.0,8,0,0,2.67,fail,4,Medium Risk,no,yes,no,no,3,4,1,4,1
STU_1E9E5ACDBC48,Portuguese,MS,F,18,3,0,5,94.62,14,14,15,14.33,pass,0,Low Risk,no,no,yes,yes,4,1,1,1,4
STU_B36CFB4CE66B,Portuguese,MS,M,17,2,1,4,95.7,10,11,11,10.67,pass,2,Low Risk,no,yes,yes,yes,4,5,1,3,2
STU_F57B25814471,Portuguese,MS,F,18,2,0,0,100.0,10,10,10,10.0,pass,1,Low Risk,no,yes,yes,no,5,4,1,1,5
STU_1D932557656F,Portuguese,MS,F,17,2,0,2,97.85,12,12,12,12.0,pass,1,Low Risk,no,yes,yes,yes,4,3,1,2,5
STU_E9EEEC318E43,Portuguese,MS,F,17,2,0,0,100.0,15,14,15,14.67,pass,0,Low Risk,no,no,yes,no,1,3,1,2,5
STU_6DF5CCB361A2,Portuguese,MS,M,18,1,0,2,97.85,14,13,14,13.67,pass,1,Low Risk,no,no,yes,yes,3,2,1,2,3
STU_C47C40785360,Portuguese,MS,F,18,3,0,0,100.0,19,17,18,18.0,pass,0,Low Risk,no,no,yes,yes,5,2,1,1,4
STU_819CE0FCB904,Portuguese,MS,F,18,2,0,0,100.0,16,15,15,15.33,pass,0,Low Risk,no,no,yes,no,4,4,1,4,5
STU_06E71B79DB27,Portuguese,MS,F,18,2,0,6,93.55,13,12,13,12.67,pass,1,Low Risk,no,yes,yes,yes,4,2,1,3,3
STU_942300821653,Portuguese,MS,F,17,2,0,4,95.7,15,14,15,14.67,pass,0,Low Risk,no,yes,yes,yes,2,4,1,1,1
STU_A83D667231EE,Portuguese,MS,F,17,2,0,0,100.0,13,13,13,13.0,pass,1,Low Risk,no,no,yes,no,3,2,1,2,3
STU_D3A869E52A17,Portuguese,MS,M,18,2,0,0,100.0,8,10,9,9.0,fail,2,Low Risk,no,yes,yes,no,3,4,2,4,3
STU_29C33CDFA831,Portuguese,MS,M,18,3,0,0,100.0,15,16,16,15.67,pass,0,Low Risk,no,no,yes,yes,4,2,2,2,5
STU_03633E56C061,Portuguese,MS,F,17,1,1,0,100.0,8,8,9,8.33,fail,3,Medium Risk,no,yes,yes,yes,5,1,1,2,1
STU_004A60BD9E0D,Portuguese,MS,F,18,1,0,0,100.0,10,10,10,10.0,pass,1,Low Risk,no,yes,yes,yes,5,3,1,2,4
STU_E13DD8852CF8,Portuguese,MS,F,18,2,0,0,100.0,7,5,0,4.0,fail,2,Low Risk,no,yes,yes,yes,3,2,4,2,5
STU_972C7C03850A,Portuguese,MS,M,18,1,0,3,96.77,9,10,10,9.67,fail,2,Low Risk,no,yes,no,yes,4,3,2,3,3
STU_D40C0F58E4F3,Portuguese,MS,F,17,3,0,8,91.4,10,11,12,11.0,pass,1,Low Risk,no,no,yes,no,3,3,1,1,3
STU_92E747A344D2,Portuguese,MS,F,17,1,0,4,95.7,7,8,9,8.0,fail,2,Low Risk,no,no,yes,yes,3,5,1,3,1
STU_40B535F5B9F5,Portuguese,MS,F,18,3,0,0,100.0,15,17,17,16.33,pass,0,Low Risk,no,no,yes,yes,5,4,1,1,1
STU_5B5EAEF0FB44,Portuguese,MS,F,18,3,0,4,95.7,10,11,12,11.0,pass,1,Low Risk,no,no,yes,yes,4,2,1,2,4
STU_AA81F6A0DECA,Portuguese,MS,F,19,2,1,4,95.7,7,8,9,8.0,fail,3,Medium Risk,no,yes,yes,yes,4,3,1,1,3
STU_F7C7D3F6D76C,Portuguese,MS,F,18,2,0,1,98.92,13,14,14,13.67,pass,1,Low Risk,no,no,yes,yes,5,3,3,4,2
STU_3A13028E57F4,Portuguese,MS,F,18,2,0,1,98.92,16,16,16,16.0,pass,0,Low Risk,no,no,yes,yes,4,3,1,2,1
STU_E5E073DCDA74,Portuguese,MS,F,17,2,0,10,89.25,8,9,9,8.67,fail,3,Medium Risk,no,yes,yes,yes,4,4,2,3,1
STU_195E5E7A4D68,Portuguese,MS,M,18,2,0,4,95.7,17,18,19,18.0,pass,0,Low Risk,no,no,yes,yes,3,4,1,4,2
STU_587CCD3BB339,Portuguese,MS,M,18,1,0,0,100.0,7,7,0,4.67,fail,2,Low Risk,no,no,yes,yes,4,3,1,3,5
STU_5361C28ECBD2,Portuguese,MS,M,17,2,0,4,95.7,14,15,16,15.0,pass,0,Low Risk,no,no,yes,yes,4,3,1,1,3
STU_8D95B27DA922,Portuguese,MS,M,19,1,1,0,100.0,5,8,0,4.33,fail,3,Medium Risk,no,no,yes,no,4,2,1,3,5
STU_BFDE577ECD0E,Portuguese,MS,M,18,1,1,0,100.0,7,7,0,4.67,fail,3,Medium Risk,no,no,yes,no,5,3,4,3,3
STU_8F3AE203FBC5,Portuguese,MS,F,18,3,0,0,100.0,14,17,15,15.33,pass,0,Low Risk,no,no,yes,no,5,3,1,3,4
STU_ACD8B6624F53,Portuguese,MS,F,17,2,0,0,100.0,6,9,11,8.67,fail,2,Low Risk,no,no,yes,yes,5,4,1,1,1
STU_66694099F864,Portuguese,MS,F,18,1,0,4,95.7,7,9,10,8.67,fail,2,Low Risk,no,yes,yes,yes,4,3,2,2,5
STU_55A0F4FDE2A1,Portuguese,MS,F,19,3,1,4,95.7,10,11,10,10.33,pass,2,Low Risk,no,no,yes,yes,5,2,1,2,5
STU_79D6974D59D5,Portuguese,MS,F,18,2,0,4,95.7,15,15,16,15.33,pass,0,Low Risk,no,yes,yes,yes,4,4,1,1,1
STU_CBE0093D4264,Portuguese,MS,F,18,2,0,6,93.55,11,12,9,10.67,pass,1,Low Risk,no,no,yes,no,1,1,1,1,5
STU_A8EF4F660877,Portuguese,MS,M,17,1,0,6,93.55,10,10,10,10.0,pass,1,Low Risk,no,no,yes,yes,2,5,3,4,2
STU_C53899CD4059,Portuguese,MS,M,18,1,0,4,95.7,10,11,11,10.67,pass,1,Low Risk,no,no,yes,yes,4,1,3,4,5
